,textDisplay
0,рдЬрдп рд╢реНрд░реА рд░рд╛рдо ЁЯЩП ЁЯЪйЁЯЪй
1,"Indian idol walon ne ram navami special mein aapko nahin bulaya, balki us ramdev baba ko bulaya. Bahut dukh hua mujhe ЁЯШЮ."
2,Jai shri Ram ЁЯЩПЁЯЩПЁЯЩПЁЯЫХЁЯЫХЁЯЫХ
3,Jai shri ram prabhu ji ki jai ho prabhu ji ЁЯЩПЁЯЩПЁЯЩПЁЯЩП jai jai siyaram ЁЯЩПЁЯЩП prabhu ji ke shri charno me mera tahe se koti koti pranam  ramayan me sitaharan hone hi wala tha prabhu ji  himmat.  Nahi huaa dekh ne ka jai jai siyaram ЁЯЩПЁЯЩП jaki rahi Bhavna jaisi prabhu  murat dekhi tin taisi ram siya ram siya ram jai jai siyaram ЁЯЩПЁЯЩП
4,"Jai Sri Ram, aapko chatra navratri, navvarsa 2078 ki shubhkamnaye."
5,рдЖрдкрдХреЛ рднреА рдмрд╣реБрдд рд╕рд╛рд░реА рд╢реБрднрдХрд╛рдордирд╛рдПрдВ
6,JAI SHREE RAM ! ЁЯЩПЁЯЩПЁЯЩП
7,Jai sri ram jiЁЯШК
8,Great Sir
9,Jai sriram
10,Hamare pyare Ram ji sadar charan sparsh..
11,Mere pyare ganpati seetaRam Radheyshyam jay shivakant
12,Jay sri ram
13,"Wah Ram ji , kitni achchi baat batayi jo aaj ke logon ko bilkul pata nahi."
14,ЁЯЩПЁЯЩПЁЯЩПЁЯЩП
15,Ati Uttam!! Anand
16,Aapko bhi Navvarsh ki dher saari shubhkamnaye
17,Jai shri Ram
18,рдЖрдк рдмрдВрдЧрд╛рд▓ рдЪреБрдирд╛рд╡ рдореЗрдВ рдХреНрдпреВрдБ рдкреНрд░рдЪрд╛рд░ рдирд╣реАрдВ рдХрд░ рд░рд╣реЗрдВ рд╣реИрдВ ?
19,Aapne shiri ram ka rol hi nahi nibhya balki apne veyktitve se ram ki garima ko bhi banaye rakha hai
20,Jai shree Ram ! Jai shree krishna
21,Aapko bhi shubhkamnaye ЁЯЩП Jai Shree Ram
22,рд▓реЙрдХрдбрд╛рдЙрди рдХреЗ рд╕рдордп рд░рд╛рдорд╛рдпрдг рдХрд╛ рдПрдХ-рдПрдХ рд╕реАрд░рд┐рдпрд▓ рдХреЛ рджреЗрдЦрдХрд░ рдорди рднрд╛рд╡рд╡рд┐рднреЛрд░ рд╣реЛ рдЧрдпрд╛ рдкреВрд░рд╛ рдкрд░рд┐рд╡рд╛рд░ рдЯрдХрдЯрдХреА рд▓рдЧрд╛рдП рдмреИрдарддрд╛ рдерд╛ рдХрд┐ рд░рд╛рдорд╛рдпрдг рдХрд╛ рдПрдХ-рдПрдХ рдХреНрд╖рдг рдЬрд░реВрд░реА рдФрд░ рдорд╣рддреНрд╡рдкреВрд░реНрдг рд╣реЛрддрд╛ рдерд╛ рдлрд┐рд░ рдЦрд╛рдирд╛ рд╣реЛ рдпрд╛ рдЪрд╛рдп рдЯреАрд╡реА рдХреЗ рдкрд╛рд╕ рд╣реА рд╣реЛрддрд╛ рдерд╛ рд╕рдм редрдкреБрд░рд╛ рд╣рд┐рдВрджреВ рдзрд░реНрдо рдЖрдкрдХрд╛ рдЛрдгреА рд░рд╣реЗрдЧрд╛
23,"рдЬрдп рд╢реНрд░реА рд░рд╛рдо рд░рд╛рдо рдЬреА рд░рд╛рдо 
ЁЯТРЁЯТРЁЯТРЁЯЩПЁЯЩПЁЯЩПЁЯЩПЁЯЩПЁЯЩПЁЯЩПЁЯЗоЁЯЗ│ЁЯЗоЁЯЗ│ЁЯЗоЁЯЗ│"
24,Jai siyaram
25,Goan desh ka aap ne shuting ki thi na pratapgarh me to aap jarur ayi Dahilamau me milne please please
26,Jai shree ram
27,Joy sree.ram
28,"рдЪреИрддреНрд░ рдирд╡рд░рд╛рддреНрд░ рдХреА рд╣рд╛рд░реНрджрд┐рдХ рд╢реБрднрдХрд╛рдордирд╛рдПрдВ ЁЯЩП
рд╣рд┐рдВрджреВ рдирд╡рд╡рд░реНрд╖ рдЖрдкрдХреЗ рд▓рд┐рдП рдордВрдЧрд▓рдордп рд╣реЛ рдпрд╣реА рдордВрдЧрд▓рдХрд╛рдордирд╛рдПрдВ рд╣реИрдВ ЁЯЩП
рдЬрдп рд╢реНрд░реАрд░рд╛рдо ЁЯЩПЁЯЩПЁЯЩПЁЯЩП"
29,рд╕рд░ рдореИрдВрдиреЗ рднреА рдЖрдкрд╕реЗ рдореЛрдЯрд┐рд╡реЗрдЯ рд╣реЛрдХрд░ рдЕрдкрдирд╛ рдЪреИрдирд▓ рд╢реБрд░реВ рдХрд┐рдпрд╛ рд╣реИ рдЗрд╕ рдкрд░ рдмрд╣реБрдд рдЬрд▓реНрджреА 1K рд╕рдмреНрд╕рдХреНрд░рд╛рдЗрдм рдкреВрд░реЗ рд╣реЛрдиреЗ рд╡рд╛рд▓реЗ рд╣реИрдВ рдЖрдкрдХрд╛ рджрд┐рд▓ рд╕реЗ рдзрдиреНрдпрд╡рд╛рджтЩея╕ПтЩея╕ПтЩея╕ПтЩея╕ПЁЯЩПЁЯЩПЁЯЩПЁЯЩПЁЯСНЁЯСН
30,"ЁЯТЮ#рдЬрдп_рд╢реНрд░реА╘╢р╣АрдоЁЯТЮЁЯЪй
   ЁЯФ▒#рдорд╣рд╛рджреЗрд╡ЁЯФ▒ЁЯЩП"
31,ЁЯФ╗ЁЯМ╣#рддрд╣реЗ_рджрд┐рд▓_рд╕реЗ_рдЖрднрд╛рд░_рдЖрджрд░рдгреАрдп ЁЯМ╣ЁЯФ╗
32,Jai Maa Bhavani ЁЯЩПЁЯЪй
33,рдЬрдп рд╢реНрд░реА рд░рд╛рдо ЁЯЩП
34,"Aap ko bhi subhkamnaye
Sadar pranam"
35,Jai shri ram awesome video bhut achi jankari di ap ne ram ji
36,"Aapko bhi 
Jai Shree Sitaram ЁЯЩПЁЯЩП"
37,sadar pranam prabhuЁЯЩП
38,рдЬрдп рд╢реНрд░реА рд░рд╛рдо рдкреНрд░рднреВ
39,Jai Siyaram ji ЁЯЩПЁЯЩП
40,рдЬрдп рд╢реНрд░реА рд░рд╛рдо
41,рдЬрдп рд╢реНрд░реА рд░рд╛рдо
42,Hello dadu
43,ЁЯЩП рдЬрдп рд╢реНрд░реА рд░рд╛рдо редЁЯЩП
44,Jai siyaram ji ЁЯЩПЁЯЩПЁЯЩП
45,рдЬрдп рд╢реНрд░реА рдХреГрд╖реНрдгред рдЬрдп рд╢реНрд░реА рд░рд╛рдоред рдЬрдп рд╣реЛред ЁЯМ╣ЁЯМ╣ЁЯМ╣ЁЯЩПЁЯЩПЁЯЩП
46,"Thank You Sir
Got to learn a lot from you : )"
47,рдЬрдп рд╢реНрд░реА рд░рд╛рдоЁЯЩПЁЯЩПЁЯЩПЁЯЪйЁЯЪйЁЯЪй
48,"рдЬрдп рд╢реНрд░реА рд░рд╛рдо ЁЯМ╣ЁЯЩПЁЯМ╣
рдЬрдп рдорд╛рддрд╛ рджреА ЁЯМ╣ЁЯЩПЁЯМ╣"
49,"рд╣рд┐рдиреНрджреВ рдирд╡рд╡рд░реНрд╖ рдХреА рд╣рд╛рд░реНрджрд┐рдХ рд╢реБрднрдХрд╛рдордирд╛рдПрдВ
рдЬрдп рд╢реНрд░реА рд░рд╛рдо"
50,рдЬрдп рдЬрдп рд╢реНрд░реА рд░рд╛рдо ! ЁЯЩПЁЯЩП
51,Jai shree ram
52,Pranam hai sir ji
53,Jai Shri Ram
54,Jai Shri Ram
55,"Jai Shri RamЁЯЩПЁЯМ╣
Apko bhi Nav varsh ki bahut shubhkamnayein
ЁЯЩП"
56,Shuvo noboborso Arun ji. From Bangladesh ЁЯЗзЁЯЗйтЭдя╕ПтЭдя╕ПЁЯЩП
57,рдЬрдп рд╢реНрд░реА рд░рд╛рдо
58,Jai shri Ram ЁЯЪйЁЯЪйЁЯЩПЁЯЩП happy new year 2078ЁЯОЙЁЯОЙ
59,Jai shree ramЁЯЪйЁЯЪйЁЯЪйЁЯЪйЁЯЪйЁЯЪйЁЯЪйЁЯЪйЁЯЪй
60,Jai shree ram ЁЯЩПЁЯЩП
61,Jai shree ram
62,рдЬрдп рд╢реНрд░реА рд░рд╛рдоЁЯЩП
63,Jai Shree Ram.
64,jai ho sanatan dhram ke
65,рдЬрдпрд╢реНрд░реА рд░рд╛рдо
66,ЁЯЪйЁЯЪйЁЯЪйЁЯЪй
67,рдЬрдп рд╢реНрд░реА рд░рд╛рдо ЁЯЩПЁЯЩП
68,рдЖрдкрдХреЛ рднреА рдмрд╣реМрдд-рдмрд╣реМрдд рд╢реБрднрдХрд╛рдордирд╛рдПрдВЁЯЩП
69,ЁЯЩПЁЯЩПЁЯЪйЁЯЪйрдЬрдп рд╢реНрд░реА рд░рд╛рдоЁЯЪйЁЯЪйЁЯЩПЁЯЩП
70,This is our Nepali new year as well
71,Jai Shri ramЁЯЩП
72,Jai Shri ram g ЁЯЩПЁЯЩПЁЯЩПЁЯЩПЁЯЩПЁЯЩП
73,рдЬрдп рд╢реНрд░реА рд░рд╛рдо ЁЯЪйЁЯЪйЁЯЩПЁЯЩП
74,Apko Bharatiya Nab Barsh ki dher sari subh kamnaye.Jay Shri RamЁЯЩПЁЯЩПЁЯЩП
75,Jai shree ram ji ЁЯЩПЁЯЩП
76,ЁЯЩПЁЯЩПЁЯЩПЁЯЩПЁЯЩПЁЯЩПЁЯЩПЁЯЩП
77,рдЬрдп рд╢реНрд░реА рд░рд╛рдо
78,Sir I am not happy to join you in any political party because we only see you as spiritual person.
79,ЁЯЪйрдЬрдп рдЬрдп рд╢реНрд░реА рд░рд╛рдоЁЯЪй
80,рдЬрдп рд╢реНрд░реА рд░рд╛рдо
81,рдЬрдп рдЬрдп рд╢реНрд░реАрд░рд╛рдо ЁЯЪйЁЯЪйЁЯЪйЁЯЪйЁЯЪй
82,рд░рд╛рдо рдЬреА рд░рд╛рдо рд░рд╛рдо
83,Aap ko sat sat naman hai Sir. Bahut achhi jankari di aapane. ЁЯЩПЁЯЩПЁЯП╝
84,Welcome  bhai arun  ji i am very glead meet you ЁЯдЪтЪШnawa samwatsar ki badai ЁЯЗоЁЯЗ│all great family  ko god bless    ЁЯЫХЁЯЗоЁЯЗ│today i am hotal sheretan dehali saket with my  son alok come from bangarore
85,Jai Shree Ram ЁЯЩПЁЯЩП
86,Jay shri ram
87,рдкреНрд░рднреБ рд╢реНрд░реА рд░рд╛рдо рдЬреА рдЖрдкрдХреЛ рдкреНрд░рдгрд╛рдо
88,"Aap yun hi chainit nahi hue the ram ke patr ko jeevant karne ke liye. Itna gyan , saaf uccharan hindi ka har abhineta ke paas nahi hota. Bahut acha lagta hai aapko sun na. Jai shri ram"
89,рдЬрдп рд╢реНрд░реА рд░рд╛рдо рдЬрдм рднреА рд╣рдо рдЖрдкрдХреЛ рджреЗрдЦрддреЗ рд╣реИрдВ рддреЛ рдЖрдк рдореЗрдВ рдкреНрд░рднреБ рд╢реНрд░реА рд░рд╛рдо рдХреА рдЫрд╡рд┐ рджрд┐рдЦрддреА рд╣реИ
90,ЁЯЪйЁЯЪйЁЯЩПЁЯЩПЁЯЩПрдЬрдп рд╢реНрд░реА рд░рд╛рдоЁЯЩПЁЯЩПЁЯЩПЁЯЪйЁЯЪй
91,"Hindu Navbarsh ki subhkamnaye 
Jai shri Ram
Jai HanumanЁЯХЙЁЯЩП"
92,рдЖрдкрдХреЛ рднреА рд╕рд░
93,Jay shree ram
94,Jai shree Ram ji...
95,Love you arun sir
96,Happy Hindu ЁЯХЙя╕Пnew year
97,тЭдя╕ПЁЯСНЁЯСНЁЯЩПЁЯЩПЁЯЩПЁЯЩПЁЯЩП
98,Mere Prabhu Aap Dhanya ho Aapki Mahima aprampaar hai Aapko bhi Nav Varsh ki Hardik Shubhkamnaye ЁЯЩПЁЯЩПтЭдя╕ПтЭдя╕ПЁЯЩПЁЯЩП
99,рдЬрдп рдорд╛рддрд╛ рджреА
100,рдЬрдп рд╢реНрд░реА рд░рд╛рдо
101,Jai Shri ram
102,рдЬрдп рд╢реНрд░реАрд░рд╛рдоЁЯЩПЁЯП╗
103,"рдЖрдкрдХреЛ рднреА рднрд╛рд░рддреАрдп рдирд╡рд╡рд░реНрд╖ рдХреА рд╣рд╛рд░реНрджрд┐рдХ рд╢реБрднрдХрд╛рдордирд╛рдПрдВредЁЯЩПЁЯЩПтЭдя╕ПтЭдя╕ПЁЯТРЁЯТР
ЁЯЩПЁЯЩПрдЬрдп рд╢реНрд░реА рд░рд╛рдо ЁЯЩПЁЯЩП"
104,pranam prabhu mere prano se bhi jyada prayare shree ram ji by gobind sharma
105,Jai shree Ram
106,Aap apne aap ko Arun govil nahi kaha Karo aap apne ko Shri ram ji Kaha kariye
107,Aap apne aap ko Arun govil nahi kaha Karo aap apne ko Shri ram ji Kaha kariye
108,редред рдЬрдп рд╢реНрд░реА рд░рд╛рдо редред
109,"рдЖрдкрдХреЛ рдореИрдВ рдЕрд░реБрдг рдЧреЛрд╡рд┐рд▓ рдХреЗ рд░реВрдк рдореЗрдВ рдирд╣реАрдВ рд╕рд╛рдХреНрд╖рд╛рдд рдкреНрд░рднреБ рд░рд╛рдо рд░реВрдк рдореЗрдВ рджреЗрдЦрддрд╛ рдерд╛ рд▓реЗрдХрд┐рди рдмреАрдЬреЗрдкреА рдореЗрдВ рд╢рд╛рдорд┐рд▓ рд╣реЛрдХрд░ред

 рдЕрд╕реБрд░ рдЕрдорд┐рдд рд╢рд╛рд╣ рдХреЗ рдЧреБрд▓рд╛рдо рдмрди рдЧрдПред рдЖрдкрдХреЛ рдЕрдм рджреЗрдЦрдирд╛ рднреА рдирд╣реАрдВ рдЪрд╛рд╣рддрд╛"
110,ЁЯЩП
111,Jai Shri Ram
112,Jai shree ram..sab hindu bhaiyo ki naya hindu saal ki subhkamna ..from nepal
113,Jai ram g ki
114,Jai shree ram ЁЯЩПЁЯЩПЁЯЩПтЭдтЭдтЭдЁЯМ╣ЁЯМ╣
115,ЁЯЪйЁЯЪйЁЯЪй рдЬрдп рдЬрдп рд╕рд┐рдпрд╛ рд░рд╛рдо ЁЯЪйЁЯЪйЁЯЪй
116,Jai jai sri ram ЁЯЩПЁЯЩПЁЯЩП
117,Jay shri eam
118,Jai shree Ram ..mere pyare god
119,"рдЖрдкрдХреЗ рджрд░реНрд╢рди рд╕реЗ рд╣рдо рдзрдиреНрдп рд╣реЛ рдЧрдпреЗ рдкреНрд░рднреБ рдЬреА ЁЯЩП
рдЖрдкрдХреЛ рднреА рд╣рд┐рдиреНрджреВ рдирд╡рд╡рд░реНрд╖ рдФрд░ рдорд╛рдВ рдХреЗ рдорд╣реЛрддреНрд╕рд╡ рдкрд░реНрд╡ рдХреА рд╣рджрдп рдХреА рдЧрд╣рд░рд╛рдЗрдпреЛрдВ рд╕реЗ рдзрдиреНрдпрд╡рд╛рджред
ЁЯЩПЁЯМ╖ рд░рд╛рдо рд░рд╛рдо рдЬреА ЁЯМ╖ЁЯЩП"
120,Jai ShiyaRamЁЯЩПЁЯШКтЭдя╕ПЁЯкФЁЯЩП
121,ЁЯЩПЁЯЩПЁЯМ╖ЁЯМ╖ЁЯМ╣ЁЯМ╣рмЬрнЯ рм╢рнНрм░рнА рм░рм╛рмоЁЯМ╣ЁЯМ╣ЁЯМ╖ЁЯМ╖ЁЯЩПЁЯЩП
122,"рдЖрдк рдХреЛ рднреА рдирд╡ рд╡рд░реНрд╖ рдХреА рд╢реБрднрдХрд╛рдордирд╛рдП
ЁЯЩП"
123,Jai shree Ram ЁЯЩП
124,ЁЯЪйЁЯЪй рдЬрдп рд╢реНрд░реА рд░рд╛рдо ЁЯЪйЁЯЪй
125,рдЬрдп рд░рд╛рдо рдЬрдп рд░рд╛рдо рдЬрдп рдЬрдп рд╢реНрд░реА рд░рд╛рдо ЁЯЩПЁЯЩПЁЯЩПЁЯЩП
126,","
127,Aap ko aur sabko bhi nav varsh ki shubhkamnae.aane vala sal corona mukt  aur acha jae yahi icha hai.jai shri ramЁЯЩП
128,Apko bhi hindu Nv vrsh ki bht bht bdhai..
129,Jai shree RAM..
130,"рдЬрдп рд╢реНрд░реА рд░рд╛рдо

рдЪреИрддреНрд░ рдорд╛рд╕ рдкреНрд░рддрд┐рдкрджрд╛ рдХрд╛ рдкреВрд░реНрдг рдЗрддрд┐рд╣рд╛рд╕ рд╕реЗ рдЕрд╡рдЧрдд рдХрд░рд╛рдиреЗ рдХреЗ рд▓рд┐рдП рдЖрдк
рднрдЧрд╡рд╛рди рд╢реНрд░реА рд░рд╛рдо рдХреЗ рдкреНрд░рддрд┐рд░реВрдк рдХреЛ рдХреЛрдЯрд┐ рдХреЛрдЯрд┐ рдкреНрд░рдгрд╛рдо"
131,My real life heroes
132,рдЬрдп рд╢реНрд░реА рд░рд╛рдоЁЯЩПЁЯЩПЁЯЩП
133,Sm2u sir g.   тЭдя╕ПЁЯЩПтЭдя╕ПЁЯЩПтЭдя╕ПЁЯЩПтЭдя╕ПЁЯЩП Jai Shree Sitaram ЁЯЩПЁЯЩПЁЯЩПЁЯЩПтЭдя╕ПЁЯЩПЁЯЩП
134,редред рдЬрдп рд╢реНрд░реА рд░рд╛рдо редред
135,Bhartiya Nav varsh aur Navratri ki hardik shubkamnaye..Jai Shri Ram ЁЯЩП
136,рдЬрдп рд╢реНрд░реАрд░рд╛рдо
137,App ko dek kar maan khush ho gaya.aise hi ate rahe please.Hamare pyare Ram ji.App ko apna parichay dene ka jarurat nahi .
138,ЁЯЩП
139,"Aap ko bhi Arun ji
Jay shree ram"
140,Jai shri RAM
141,Jai shree Ram ЁЯЩП
142,Aapko bhi navvarsh ki hardik suubhkamnaein...
143,"You are great. Always stay well. 
Jay Shri Ram"
144,"BG music is not good......
Anyways .......рдЬрдп рд╢реНрд░реА рд░рд╛рдо"
145,Sadar naman manjeev lal dev.
146,ЁЯЩПрдЬрдп рд╢реНрд░реА рд░рд╛рдоЁЯЩП
147,JAI SHREE RAMЁЯЩПЁЯЩПЁЯЩП
148,Jai Shri Ram
149,Jay Shree Ram mere sarkar Ram jiiЁЯЩПЁЯЩПЁЯЩП
150,рдЬрдп рд╢реНрд░реА рдЕрд░реБрдг рдЧреЛрд╡рд┐рд▓
151,рдЬрдп рд╢реНрд░реА рд░рд╛рдо
152,Jay shri ram  prabhu jiЁЯЩПЁЯЩПЁЯЩП
153,Pranam Sir jai siya Ram
154,рдЬрдп рд╢реНрд░реАрд░рд╛рдо рдЬреА рдХреА
155,рдкреНрд░рднреВ рдЬрдп рд╢реНрд░реА рд░рд╛рдо ЁЯЩП
156,Jai shree Ram ЁЯЩПЁЯЩП
157,рдЬрдп рдЬрдп рд╢реНрд░реА рд░рд╛рдо
158,рдЬрдп рд╢реНрд░реА рд░рд╛рдо
159,Jai shree Ram ЁЯЩП
160,Happy New Year Arun Govil Ji....ЁЯЩПЁЯП╝ЁЯЩПЁЯП╝ЁЯЩПЁЯП╝ Jai shree Ram...ЁЯЩПЁЯП╝ЁЯЩПЁЯП╝тЭдя╕ПтЭдя╕П
161,рдЬрдп рд╢реНрд░реА рд░рд╛рдо рдкреНрд░рднреБ рдЬреА рдХреА ЁЯЩПЁЯЩПЁЯЩПЁЯЩП
162,рдЬрдп рд╢реНрд░реА ЁЯЩПЁЯЩПЁЯЩПЁЯЩПЁЯЩПЁЯЩПрд░рд╛рдо
163,ЁЯЪйjai sree ram ЁЯЪйЁЯЩПЁЯЩПЁЯЩПЁЯЩПЁЯЩП
164,Bhagwan Ram ko mera koti koti pranam. Jai Shree Ram
165,jay ram ji ki
166,Jai Shree Ram
167,ЁЯЩПЁЯЩП
168,Jai shree ram
169,"рдЖрдк рдХреЛ рднреАрдВ рдФрд░ рд╕рдорд╕реНрдд рднрд╛рд░рддрд╡рд╛рд╕рд┐рдпреЛрдВ рдХреЛ рднреА рдирд╡ рд╡рд░реНрд╖ рдХреА рд╣рд╛рд░реНрджрд┐рдХ рд╢реБрднрдХрд╛рдордирд╛рдПред
рдЬрдп рд╢реНрд░реА рд░рд╛рдо ЁЯЪйЁЯЪй"
170,рднрд╛рд░рддреАрдп рдирд╡рд╡рд░реНрд╖ рдХреА рд╣рд╛рд░реНрджрд┐рдХ рд╢реБрднрдХрд╛рдордирд╛рдП ЁЯЩП рдЪрд░рдг рд╕реНрдкрд░реНрд╢ рдкреНрд░рднреБ
171,"рдЬрдп рд╢реНрд░реА рд░рд╛рдо
Happy new year 2078"
172,рдЬрдп рд╢реНрд░реА рд░рд╛рдо рдЬрдп рдЬрдп рд╢реНрд░реА рд░рд╛рдо
173,"рдирд╡ рд╡рд░реНрд╖ рдХреА рдЖрдкрдХреЛ рдЕрдирдиреНрдд рд╢реБрднрдХрд╛рдордирд╛рдпреЗрдВ
рдЕрд░реБрдг рдЧреЛрд╡рд┐рд▓ рдЬреА ""рдЬрдп рд╢реНрд░реА рд░рд╛рдо"" ЁЯЩП"
174,Jai shri ramЁЯТРЁЯСП
175,ЁЯЩПЁЯП╗ЁЯЩПЁЯП╗ЁЯЩПЁЯП╗
176,Jai Shri ram
177,Apko hindu nav varsh 2078 ki hardik shubhkamnaye ЁЯЩП jai shree ram
178,ЁЯЪйрдЬрдп рдорд╛рддрд╛ рджреА ЁЯЪй
179,ЁЯЪйрдЬрдп рд╢реНрд░реА рд░рд╛рдо ЁЯЪй
180,Jai shree ram
181,"Aapko bhi hardik shubhkamnaayein 
Jai shree Ram ЁЯЪйЁЯЩПЁЯЩП"
182,Jay sri ram
183,Jai shree Ram ЁЯХЙя╕ПЁЯЩП
184,рдЬрдп рд╢реНрд░реА рд░рд╛рдо ЁЯЪйЁЯЪй
185,Jay shri ram ЁЯЩПЁЯП╗тЫ│тЫ│тЫ│тЫ│тЫ│тЫ│тЫ│тЫ│тЫ│тЫ│тЫ│тЫ│тЫ│тЫ│тЫ│тЫ│тЫ│тЫ│тЫ│тЫ│тЫ│тЫ│тЫ│
186,Jai shri ram prabhu ji ki jai ho ЁЯЩПЁЯЩПЁЯЩП navbharat avm nav varsh ki hardik shubhkamnaye jai mata di ЁЯЩПЁЯЩП jai jai siyaram prabhu ji ke shri charno me mera tahe dil se koti koti pranam ЁЯЩПЁЯЩП prem se bolo Jai Mata Di ЁЯЩПЁЯЩП matarani ji ke shri charno me mera tahe dil se koti koti pranam ЁЯЩПЁЯЩПЁЯЩПЁЯСПЁЯМ╣ЁЯСПЁЯМ╣ЁЯСПЁЯМ╣ЁЯСПЁЯМ╣ЁЯСПЁЯМ╣
187,ЁЯЪйЁЯЪйЁЯЪйJay shree ram...ЁЯЩПЁЯЩПЁЯЩПЁЯЪйЁЯЪйЁЯЪй
188,Jai shree ram ЁЯШАjai sanatan jai bharat bharatam mahabharatam ЁЯШАЁЯШАЁЯЩПЁЯЩПтЫ│тЫ│тЫ│тЫ│тЫ│тЫ│тЫ│
189,Jay sri sitaram
190,Happy new year ЁЯОЙ
191,J Shree Ram j Hindu
192,рдЬрдп рд╢реНрд░реА рд░рд╛рдо
193,suna ap ne v bjp join krli kitne me bike ho
194,рдЬрдп рд╢реНрд░реА рд░рд╛рдо ЁЯЩП
195,рдЬрдп рд╢реНрд░реА рд░рд╛рдо ЁЯЩП
196,рдЖрдк рд╕рднреА рдХреЛ рдирд╡рд╡рд░реНрд╖ рдХреА рд╣рд╛рд░реНрджрд┐рдХ рд╢реБрднрдХрд╛рдордирд╛рдПрдВ ЁЯЩП
197,Jai siya ram
198,Jay shree ram
199,Arun ji...aapse ek prashna hai. Kya bhagvan ke prati bhakti kartavya path par baadha ban sakti hai? Mere kehne ka arth yeh hai ki kya hum ishwar mein itne leen ho sakte hain ki hum apne kartavya se hi door ho jaaye...? Jaise ki hamari naukri...kya hum ishwar ke prati itne leen ho jaaye ki naukri mein kaam karne ka man hi na karein...kyunki naukri ke kaaran hum ishwar se door ho sakte hain? Iss samasya ka samadhan kya hai?
200,Jay Sri RamЁЯЩПЁЯЩПЁЯЩП
201,Wow
202,Ram
203,рдЬрдп рд╢реНрд░реА рд░рд╛рдо
204,Sir ji please make lectures on these types of topics. We want to know in detail about our Bharat
205,Good Sir
206,Very nice video
207,"рдЪрд░рдг рд╡рдВрджрди рдкреНрд░рднреБЁЯМ╣ЁЯЩП
рдЖрдЬ рдЖрдкрдХрд╛ рд╕рд╛рдХреНрд╖рд╛рддреНрдХрд╛рд░ рдХрд░рдХреЗ рдорди рдмрд╣реБрдд рдкреНрд░рд╕рдиреНрди рд╣реБрдЖ рднрдЧрд╡рдиЁЯЩП
ЁЯЪйрдЬрдп рдЬрдп рд╕рд┐рдпрд╛рд░рд╛рдоЁЯЪй"
208,рдЬрдп рд╢реНрд░реА рд░рд╛рдо
209,Jai shree ram
210,Jai shri ram
211,рдЬрдп рд╢реНрд░реА рд░рд╛рдо
212,Jai shree raamЁЯЩП
213,"Sabhi Sanatani bhaiyo behno ko 
Hindu Nav Varsh ki Shubhkamnaye ЁЯЩПЁЯЪйЁЯШКЁЯМ╝"
214,Jay Shri Ram ЁЯЩПЁЯЪйЁЯШК
215,Jai shri ramЁЯЩПЁЯЩПЁЯЩП
216,Happy goudipadwa
217,Jay Mata Di ЁЯЩП
218,Jay Shri ram sar ji ЁЯЩП
219,рдЬрдп рд╢реНрд░реА рд░рд╛рдо рдкреНрд░рднреБ
220,рдЬрдп рд╢реНрд░реА рд░рд╛рдо
221,рд╣рд┐рдиреНрджреВ рдирд╡рд╡рд░реНрд╖ рдХреА рд╣рд╛рд░реНрджрд┐рдХ рд╢реБрднрдХрд╛рдордирд╛рдПрдБ
222,Apko bhi evam sabhi ko Navavarsh ki hardik shubhkamnaye.ЁЯЩП Jai Sri Ram ЁЯЪй
223,рдЬрдп рд╢реНрд░реА рд░рд╛рдо ЁЯЩПЁЯЩП
224,Jay shri RamЁЯЩПЁЯЩП
225,рдЖрдкрдХреЛ рдмрдзрд╛рдИ рдФрд░ рдирдордиред
226,Jai shree RamЁЯЩПЁЯЩПЁЯЩП
227,Wish you a very happy navratri ugadi gudi padwa baisakhi bihu sir  have a happy Hindu new year ЁЯЩПЁЯП╗ЁЯЩПЁЯП╗
228,"Jay shree ram,arun ji please kya aap please 10 and 12 ke exam  cancel hone chahiye ya nahi iss par apni ray deta hua ek video banay"
229,рдЬрдп рд╕рд┐рдпрд╛ рд░рд╛рдо ЁЯЩПЁЯП╝ЁЯЪйрдкреНрд░рднреБ рдХреЛ рд╣рд┐рдиреНрджреВ рдирд╡ рд╡рд░реНрд╖ рдХреА рд╢реБрднрдХрд╛рдордирд╛рдПрдВ ЁЯЩПЁЯП╝ЁЯЩПЁЯП╝ЁЯЩПЁЯП╝ЁЯЪй
230,Jai shri Ram ЁЯЩПЁЯЩП
231,Jai Shri Ram
232,Jai shree ram
233,"Prabhu, what you  have said is a divine message for all of us,we are being enlightened time to time ,. Thanks a lot
  Sandip Chakraborty from West Bengal Paschim medinipur"
234,Jai Shri Ram Arun Sir ЁЯЩПЁЯЩПтЭдтЭд
235,Aapko bhi bahut bahut badhai
236,Thank u sir  for the nice n knowledgeable information..u narrated it so brilliantly with ur amazing voice.. Happy navratri n hindu navvarsh to u n u r family sir.. regards
237,рдЬрдп рд╢реНрд░реАрд░рд╛рдо ЁЯШКЁЯЩПЁЯЩПЁЯЩПЁЯЩП
238,Jai Shri ram ЁЯЩПЁЯЩПЁЯЩПЁЯЩПЁЯЩПЁЯЩПЁЯЩПЁЯЩПЁЯЩПЁЯЩПЁЯЩПЁЯЩПЁЯЩПЁЯЩПЁЯЩПЁЯЩПЁЯЩПЁЯЩПЁЯЩПЁЯЩПЁЯЩПЁЯЩПЁЯЩПЁЯЩПЁЯЩПЁЯЩПЁЯЩПЁЯЩПЁЯЩПЁЯЩПЁЯЩПЁЯЩПЁЯЩПЁЯЩПЁЯЩПЁЯЩПЁЯЩПЁЯЩП
239,рдЬрдп рдЬрдп рд╕рд┐рдпрд╛ рд░рд╛рдо ЁЯЩПЁЯЩПЁЯЩПЁЯЩПЁЯЩП
240,Jai shree ramЁЯЩПЁЯЩПЁЯЩПЁЯЩПЁЯЩПЁЯЩПЁЯЩПЁЯЩПЁЯЩП
241,рдЬрдп рд╕рд┐рдпрд╛рд░рд╛рдо ЁЯЩПЁЯЪйЁЯЪйЁЯЪйЁЯЪйЁЯЪй
242,ЁЯМ╣ЁЯМ╣ЁЯМ╣ЁЯЩПЁЯЩПЁЯЩПрдЬрдп рдкреНрд░рднреБ рд╢реНрд░реА рд░рд╛рдоЁЯМ╣ЁЯМ╣ЁЯМ╣ЁЯЩПЁЯЩПЁЯЩП
243,"Jai Shree Ram, Har Har mahadev"
244,"Pranaam
Jay shree Ram ЁЯЩП"
245,Jay Shri Ram ЁЯЩП
246,Jai shri ramЁЯЩП
247,Jai Shree Ram...
248,"рдЖрдкрдХреЛ рднреА рдирд╡рд╡рд░реНрд╖ рдХреА рд╢реБрднрдХрд╛рдордирд╛рдпреЗред 
#рдЬрдп_рд╕рд┐рдпрд╛рд░рд╛рдоредЁЯТРЁЯЩПЁЯЩПЁЯЩПЁЯЩПЁЯЩП"
249,рдЬрдп рд╢реНрд░реА рд░рд╛рдо рдкреНрд░рднреБ  ЁЯЩПЁЯП╗ЁЯЩПЁЯП╗ЁЯЩПЁЯП╗ЁЯЩПЁЯП╗ЁЯЩПЁЯП╗ЁЯЩПЁЯП╗ЁЯЩПЁЯП╗
250,рдЬрдп рд╢реНрд░реА рд░рд╛рдоЁЯЩПрд╕реБрдн рдирд╡рд╡рд░реНрд╖
251,рд╣рд┐рдиреНрджреВ рдирд╡рд╡рд░реНрд╖ рдХреА рд╣рд╛рд░реНрджрд┐рдХ рд╢реБрднрдХрд╛рдордирд╛рдПрдВ рдЕрд░реБрдг рдЬреА
252,jai shree Ram
253,Jay Jay Shree SiyaRam
254,Jai Shree Ram
255,Ram ramЁЯЩПЁЯЩПЁЯЩП
256,Jai shree ram
257,рдЬрдп рд╢реНрд░реА рд░рд╛рдо рдЬрдп рд╢реНрд░реА рдХреГрд╖реНрдг
258,рдЬрдп рд╢реНрд░реА рд░рд╛рдо ЁЯЪйЁЯЪйЁЯЪйЁЯЪйЁЯЪйЁЯЪйЁЯЪйЁЯЪйЁЯЪйЁЯЪйЁЯЪйЁЯЪйЁЯЪйЁЯЪйЁЯЪйЁЯЪй
259,рд╢реНрд░реАрдЧреЛрд╡рд┐рд▓рдЬреА ЁЯЩПЁЯП╝ рдкреНрд░рдгрд╛рдо ЁЯЩПЁЯП╝ рдЪрд░рдг-рд╕реНрдкрд░реНрд╢
260,Jai shree ram ЁЯТРЁЯМ║ЁЯМ┐ prabhu ji pranam ji pranam ЁЯМ╣ЁЯТРЁЯМ┐
261,"Happy new year
Jai Shree Ram"
262,рдЖрдкрдХреЛ рднреА ред          рдЬрдп рд╕рдирд╛рддрди
263,"Happy Navratri. ЁЯЩПЁЯОЙ
Happy New Year 2078. ЁЯЩПЁЯОЙ
Jai Jai Sri Ram. ЁЯЩПЁЯЩПЁЯЪй"
264,Aapko bhi rastriya Naba barsa ki dher subhkamnaeenЁЯЩП
265,рдореЗрд░реЗ рдкреНрд░рднреБ рдЖрдкрдХреЛ рднреА рдореЗрд░реА рддрд░рдл рд╕реЗ рд╣рд╛рд░реНрджрд┐рдХ рд╢реБрднрдХрд╛рдордирд╛рдПрдВ
266,Jai shree ram ЁЯЩПЁЯЩПЁЯЩП
267,Jai Shri Ram ЁЯЩПЁЯЩП
268,"рдЬрдп рд╢реНрд░реА рд╕рд┐рдпрд╛ рд░рд╛рдоредЁЯЪйтЪШЁЯМ╝ЁЯМ╖ЁЯЩПЁЯЩПЁЯЩП
рдпреЛрдЧрд┐рдиреА рдФрд░ рдЙрд╕рдХреЗ рдкрд░рд┐рд╡рд╛рд░ рдХреА рдУрд░ рд╕реЗ рд╣рд┐рдВрджреВ рдирд╡рд╡рд░реНрд╖ рдПрд╡рдВ рдЧреБрдвреА рдкрд╛реЬрд╡рд╛ рдХреА рд╕рднреА рдХреЛ рдордВрдЧрд▓рдордп рд╢реБрднрдХрд╛рдордирд╛рдПрдБред ЁЯЪйтЪШЁЯМ╝ЁЯМ║ЁЯМ╖ЁЯМ╗ЁЯМ╣ЁЯТоЁЯП╡ЁЯМ╕ЁЯТРЁЯТЪЁЯТЫЁЯТЦтЭдЁЯМ▓ЁЯМ│ЁЯЩПЁЯЩПЁЯЩП"
269,Jai Shree RAM
270,Jai Shree RAM
271,рдЬрдп рд╢реНрд░реАрд░рд╛рдо
272,рдЬрдп рд╢реНрд░реА рд░рд╛рдо
273,Jai shri ram prabhu ЁЯЩП
274,Jai shree RamЁЯЩП
275,jai shri ram prabhu aaj bhot dino baad aapke darshan huye prabhu Aishe he kripa Ham sabhi pe prabhu Banaye rakhiye
276,рдЬрдп рд╢реНрд░реА рд░рд╛рдо ЁЯЩПЁЯЩП
277,рдирд╡ рд╡рд░реНрд╖ рдХрд┐ рд╣рд╛рд░реНрджрд┐рдХ рд╢реБрднрдХрд╛рдордирд╛рдПрдВред
278,JAI JAI SIYARAMJI KI
279,Jai shree ram
280,Happy New year 2078
281,Jai Shri Ram ЁЯЩПЁЯЩПЁЯЩПЁЯЩПЁЯЩПЁЯЩПЁЯЩП
282,Jai Shree Ram ЁЯЩПЁЯЩПЁЯЩП
283,рдЬрдп рд╢реНрд░реА рд░рд╛рдо рдХреЛрдЯрд┐-рдХреЛрдЯрд┐ рдкреНрд░рдгрд╛рдо рдкреНрд░рднреБ рдЬреА
284,Aapko bhi Happy New Year ЁЯОЙЁЯОКЁЯОКЁЯЩП
285,рдирдпрд╛ рд╕рд╛рд▓ рдореБрдмрд╛рд░рдХ рд╣реЛ рдЕрд░реВрдг рдЬреА рдЖрдкрдХреЛ
286,Jai jai shree ram
287,jai shree ram
288,Jai Shri ram ЁЯМ╣ЁЯМ╣ЁЯМ╣ЁЯМ╣ЁЯМ╣ЁЯМ╣ЁЯМ╗ЁЯМ╣ЁЯМ╗ЁЯМ╗ЁЯМ╣ЁЯМ╗ЁЯМ╣ЁЯМ╗ЁЯМ╣ЁЯМ╗ЁЯМ║ ЁЯМ╗ЁЯМ║ЁЯМ║ЁЯМ║ЁЯМ╗
289,рдЬрдп рд╣реЛ рд╢реНрд░реАрд░рд╛рдо рдЬреА! рдЖрджрд░рдгреАрдп рдЧреЛрд╡рд┐рд▓ рдЬреА рдХреЛ рдЪрд░рдгрд╕реНрдкрд░реНрд╢!
290,рдЬрдп рд╢реНрд░реА рд░рд╛рдо ЁЯЩПЁЯЩПЁЯЩПЁЯЫХЁЯЫХЁЯЫХЁЯЪйЁЯЪйЁЯЪй
291,Aapko bhi sir         Jai Shree Ram ji Jai Shree Hanuman ji
292,рдЖрджрд░рдгреАрдп рд╢реНрд░реА рдЕрд░реВрдг рдЧреЛрд╡рд┐рд▓ рдЬреА рдХреЛ рдирд╡ рд╡рд░реНрд╖ рдХреА рдордВрдЧрд▓рдордп рд╢реБрднрдХрд╛рдордирд╛ ЁЯЩПЁЯЩПЁЯЩП
293,Jai shree ram тЭдя╕ПтЭдя╕П
294,ЁЯФКJai shri Raam ЁЯХк
295,Mere Ram sada aap ki jai ho kitna bhi dekhun man nhi bharta prabhu
296,"I was scrolling down to like all the comments.. I got tired and was so thrilled to see so many Kattar Sanatanis.. My eyes are welling up and I am so overwhelmed.. 
редредрдЬрдп рдЬрдп рд╢реНрд░реА рд░рд╛рдоредред  рдореЗрд░реЗ рдкреНрд░рд┐рдп рднрдЧрд╡рд╛ рдзрд╛рд░рд┐рдпреЛрдВред
ЁЯЩПЁЯЩПЁЯЪйЁЯЪй
рд╣рд┐рдВрджреВ рдирд╡рд╡рд░реНрд╖ рдХреА рд╣рд╛рд░реНрджрд┐рдХ рд╢реБрднрдХрд╛рдордирд╛рдПрдБред 
ЁЯЩПЁЯЩПЁЯЪйЁЯЪй"
297,рдЖрджрд░рдгреАрдп рдХреЛ рдмрд╣реБрдд-рдмрд╣реБрдд рд╢реБрднрдХрд╛рдордирд╛рдПрдВ рдЬрдп рд╣реЛ
298,Happy navratri
299,Jai shri ram
300,Aap ko bhi nav varshe ki hardik shubh kamnay
301,Aap sabhi ko nav varsh ki hardik subhkamnae ЁЯЩПЁЯЪй
302,рдЬрдп рдЬрдп рд╢реНрд░реА рд░рд╛рдо ЁЯЪйЁЯЪйЁЯЩПЁЯШК
303,Jai shree ram ЁЯЩП
304,Jay shri ram
305,Jai Shree ram ЁЯЩП
306,Happy Hindu nav varsh ЁЯЩП
307,Jai Siya RamЁЯШНЁЯдй
308,рдЖрдкрдХреЛ рднреА рд╕рдкрд░рд┐рд╡рд╛рд░ рдирд╡рд╡рд░реНрд╖ рдХреА рд╢реБрднрдХрд╛рдордирд╛рдПрдВ
309,Jai jai sita ramЁЯМ╗ЁЯМ╖ЁЯМ╗ЁЯМ╖ЁЯМ╗ЁЯМ╖
310,рдЬрдп рд╢реНрд░реА рд░рд╛рдо
311,Jai shree ram
312,рдЬрдп рд╕рд┐рдпрд╛ рд░рд╛рдоред рдЖрдк рд╣рдореЗрдВ рд╣рдореЗрд╢рд╛ рдРрд╕рд╛ рд╣реА рдЬреНрдЮрд╛рди рджреЗрддреЗ рд░рд╣рд┐рдПрдЧрд╛ред рдирд╡рд╡рд░реНрд╖ рдХреА рд╢реБрднрдХрд╛рдордирд╛рдПрдВредЁЯЩПЁЯЩПЁЯЩПЁЯМ║ЁЯМ║
313,Jay shri ram
314,Jai shree Ram ЁЯЩПЁЯЩПЁЯЩПЁЯЩП
315,"рд╣рд┐рдиреНрджреВ рдирд╡ рд╡рд░реНрд╖ рдХреА рд╣рд╛рд░реНрджрд┐рдХ рд╢реБрднрдХрд╛рдордирд╛рдПрдВ
           ЁЯЪйрдЬрдп рд╢реНрд░реА рд░рд╛рдоЁЯЪй"
316,Jai Shri Ram
317,рдЕрд░реБрдг рдЧреЛрд╡рд┐рд▓ рдЬреА рдЖрдкрдХреЗ рджреНрд╡рд╛рд░рд╛ рдмрдирд╛рдИ рдЧрдИ рд░рд╛рдорд╛рдпрдг рдСрд░рд┐рдЬрдирд▓ cd/dvd рдХрд╣рд╛рдБ рд╕реЗ рд▓рдЦреНрддреЗ рд╣реИ
318,"рдЬрдп рдЬрдп рд╢реНрд░реА рд░рд╛рдо
ЁЯЪйЁЯЪйЁЯЪйЁЯЪйЁЯЪй"
319,рдЬрдп рд╢реНрд░реА рд░рд╛рдо ЁЯЩПЁЯЩПЁЯТРЁЯТРЁЯШНЁЯШНЁЯдЧ
320,Jay hind jay shri ram
321,рдЬрдп рд╢реНрд░реА рд░рд╛рдо ЁЯЩП рд╣рд┐рдВрджреВ рдирд╡рд╡рд░реНрд╖ рдХреА рд╣рд╛рд░реНрджрд┐рдХ рд╢реБрднрдХрд╛рдордирд╛рдПрдВ ЁЯЩПЁЯЩПЁЯЩП
322,|| рдЬрдп рд╢реНрд░реА рд░рд╛рдо ||
323,рдЬрдп рд╢реНрд░реАрд░рд╛рдо ЁЯЩПЁЯП╗
324,ЁЯЩПЁЯП╝ЁЯЩПЁЯП╝ЁЯЩПЁЯП╝ЁЯЩПЁЯП╗ЁЯЩПЁЯП╝ЁЯЩПЁЯП╝ЁЯЩПЁЯП╝ЁЯЩПЁЯП╝ЁЯЩПЁЯП╝ЁЯЩПЁЯП╝ЁЯЩПЁЯП╝ЁЯЩПЁЯП╝ЁЯЩПЁЯП╝ЁЯЩПЁЯП╝ЁЯЩПЁЯП╝ЁЯЩПЁЯП╝ЁЯЩПЁЯП╝ЁЯЩПЁЯП╝ЁЯЩПЁЯП╝ЁЯЩПЁЯП╝ЁЯЩПЁЯП╝ЁЯЩПЁЯП╝ЁЯЩПЁЯП╝ЁЯЩПЁЯП╝ЁЯЩПЁЯП╝ЁЯЩПЁЯП╝ЁЯЩПЁЯЩПЁЯЩПЁЯЩПЁЯЩПЁЯЩПЁЯЩПЁЯЩПЁЯЩПЁЯЩПЁЯЩПЁЯЩПЁЯЩПЁЯЩПЁЯЩПЁЯЩПЁЯЩПЁЯЩПЁЯЩПЁЯЩПЁЯЩПЁЯЩПЁЯЩПЁЯЩПЁЯЩПЁЯЩПЁЯЩПЁЯЩПЁЯЩПЁЯЩПЁЯЩПЁЯЩПЁЯЩПЁЯЩПЁЯЩПЁЯЩПЁЯЩПЁЯЩПЁЯЩП
325,Happy new year for all IndiansЁЯЩПЁЯЪй jai Shree ram ЁЯЪй
326,"рдЪрд░рдг рд╡рдВрджрди рдкреНрд░рднреБ ЁЯЩПЁЯЩПЁЯЩПЁЯЩПЁЯЩП

рдЖрдк рд╕рднреА рджреЗрд╢рд╡рд╛рд╕рд┐рдпреЛрдВ рдХреЛ рд╣рд┐рдВрджреВ рдирд╡рд╡рд░реНрд╖ , рдЪреИрддреНрд░ рд╢реБрдХреНрд▓ рдкреНрд░рддрд┐рдкрджрд╛ ( рдЪреИрддреНрд░ рдирд╡рд░рд╛рддреНрд░ ) рдФрд░ рдкреВрд░реЗ рднрд╛рд░рдд рд╡рд░реНрд╖ рдХреЗ рдХреЛрдиреЗ рдХреЛрдиреЗ рддрдХ рдЕрд▓рдЧ рдЕрд▓рдЧ рдирд╛рдореЛрдВ рд╕реЗ рдордирд╛рдПрдВ рдЬрд╛рдиреЗрдВ рд╡рд╛рд▓реЗ рдкрд░реНрд╡ рдХреА рдЕрд╕реАрдо рд╢реБрднрдХрд╛рдордирд╛рдПрдВред
рд▓рдЦрди рд╕рд┐рдпрд╛ рд░рд╛рдо рдЪрдВрджреНрд░ рдХреА рдЬрдп

#Navratri #JayMaDurgaЁЯМ║ЁЯМ║ЁЯМ║
#JayShriRam #ArunGovil
#JayMataDi  #DipikaChikhlia
#JayLakshmanJi #SunilLahiri"
327,"Charno me vandan prabhu....
Pranam...
Jai Shri ram... ЁЯЩПЁЯЩПтЭдя╕П"
328,рдУрдореН рд╢рд╛рдиреНрддрд┐ рд╕рд░
329,рдЬрдп рд╢реНрд░реА рд╕реАрддрд╛рд░рд╛рдо ЁЯЩПЁЯМ║ЁЯМ║ЁЯТРЁЯТоЁЯМ╕ЁЯМ╖ЁЯМ╝ЁЯМ▒
330,Bhagvan aapke muh se nav varsh ki subhkamnaye sunkar aisa lag rha jaise bhagvan ram khud aake hm logo ko subhkamnaye de rhe hain ЁЯЩПЁЯЩПЁЯЩПЁЯЩПЁЯЩПЁЯЩПЁЯЩП
331,рдЬрдп рд╢реНрд░реАрд░рд╛рдо
332,Jai shri ramЁЯЩП govil ji
333,Happy new year 2078
334,Jai shree ram
335,Jai shri RamЁЯЩП
336,Jay Shriram
337,рдЬрдп рдЬрдп рд╢реНрд░реА рд░рд╛рдо
338,рдЬрдп рд╢реНрд░реА рд░рд╛рдо... ЁЯЩПЁЯЩПЁЯЪйЁЯЪйЁЯЪйЁЯЪй
339,Bilkul sahi kah rahe
340,Paheli baar maine aapki aakhon mein wo peeda dekhi ... it's time to get back to our roots ...say no to fake narratives about our culture.  Jay Shree Ram
341,"рдЬрдп рд╢реНрд░реАрд░рд╛рдо рдкреНрд░рднреБ рдЖрдкрдХреЗ рджреНрд╡рд╛рд░рд╛ рджреА рдЧрдИ 
рд╣рд┐рдиреНрджреВ рдирд╡рд╡рд░реНрд╖ рдХреА рд╢реБрднрдХрд╛рдордирд╛рдУрдВ рдХреЗ рд▓рд┐рдП 
рдмрд╣реБрдд-рдмрд╣реБрдд рдзрдиреНрдпрд╡рд╛рдж рдЖрдкрдХреЛ рднреА 
рдирд╡рд╡рд░реНрд╖ рдХреА рдмрд╣реБрдд рдмрдзрд╛рдИ рдФрд░ рдЖрдкрдХреЗ 
рдкреВрд░реЗ рдкрд░рд┐рд╡рд╛рд░ рдХреЛ рднреА рдЖрдк рд╕рджрд╛ рдРрд╕реЗ рд╣реА 
рдореБрд╕реНрдХреБрд░рд╛рддреЗ рд╣реБрдП рд╣рдорд╛рд░рд╛ рдорд╛рд░реНрдЧрджрд░реНрд╢рди рдХрд░рддреЗ рд░рд╣реЗрдВ ред

рдЖрдЬ рдирдИ рд╕реБрдмрд╣ рдХреА рдкрд╣рд▓реА рдХрд┐рд░рдг рдХреЗ 
рд╕рд╛рде рд╣реА рдЖрдкрдХреА рд╢реБрднрдХрд╛рдордирд╛ рдХрд╛ 
рдЗрдиреНрддрдЬрд╛рд░ рдХрд░ рд░рд╣реА рдереА редЁЯЩЗЁЯЩЗЁЯЩЗЁЯЩЗ
ЁЯМ╖ЁЯМ║ЁЯНБЁЯМ╕ЁЯМ╣
рдмрд╣реБрдд рд╣реА рдЕрдЪреНрдЫрд╛ рд╕рдВрджреЗрд╢ рджрд┐рдпрд╛ рд╣реИ рдЖрдкрдиреЗ"
342,Apko bhi gudi padwa or Nutan varsh ki Hardik shubkamnaye sir
343,Jai shiv sankar bhagwan jai Shree ram lakhan sita Bharat satrudhan ji jai Shree Krishna bhagwan jai Radha Krishna bhagwan jai rukmani maiya ji jai Meera maiya jai satyanarayan bhagwan jai satyabhama maiya jai Shree Krishna bhagwan ke Mata pita jai balraam ji jai Sudarshan devta jai sudama ji jai Shree ram lakhan sita Bharat satrudhan ji ke Mata pita jai bajrang bali jai keshrinandan bhagwan jai Pawan devta jai pawanputra bhagwan jai Anjana maiya jai Neelam didi jai neelkanth devta jai harindar bhaiya
344,ЁЯЩПЁЯЪйJai shree ramЁЯЪйЁЯЩП
345,рдЬрдп рд╢реНрд░реАрд░рд╛рдоЁЯЩПЁЯП╗ЁЯЩПЁЯП╗
346,Jai Shri Ram.
347,ЁЯЗ│ЁЯЗ╡ From nepal wishing you a happy new year 2078
348,ЁЯЩПЁЯП╗ЁЯЗоЁЯЗ│ЁЯШДЁЯХЙя╕П Gudipadava ki hardik shubhkamnaye ЁЯТР
349,Jai shri Ram ЁЯЩПЁЯЩПЁЯЩПЁЯЩПЁЯЩПЁЯЩПЁЯЩПЁЯЩП
350,рдЬрдп рд╢реНрд░реА рд░рд╛рдо рдЬрдп рд╢реНрд░реА рд░рд╛рдо рдЬрдп рд╢реНрд░реА рд░рд╛рдо рдЬрдп рд╢реНрд░реА рд░рд╛рдо рдЬрдп рд╢реНрд░реА рд╣рдиреБрдорд╛рди
351,Jai Shri Ram ЁЯЩП
352,рдЬрдп рд╢реНрд░реА рд░рд╛рдо
353,Jai Shree Ram ЁЯЪй from the Rajasthan
354,Jay Shri ram ЁЯЩПЁЯЩПЁЯЩП
355,Hae krishna ЁЯЩП
356,"Arun govil kaun aap Ram ho na?
Bahut badhaiyan hey Ram ЁЯЩПЁЯП╗ЁЯЩМЁЯП╗"
357,ЁЯНВЁЯНВPrabhu aapko mera sat sath namanЁЯНВЁЯНВ
358,Happy navratri  sir ЁЯЩПЁЯП╗
359,Happy gudi padva arun govil sir
360,рдЬрдп рд╢реНрд░реА рд░рд╛рдо
361,Jai shree ram
362,"Jai Snatan dharam ki.Jai Siya Ram ji..
Navreh posht."
363,Jai shri ram
364,Jai shri RamЁЯЪйЁЯЪйЁЯЪй
365,Happy navratri aap sabhi ko
366,Namo Narayan jii
367,ЁЯЩПЁЯЩПЁЯЩП
368,"рдирд╡рд╡рд░реНрд╖ рдХреА рд╣рд╛рд░реНрджрд┐рдХ рд╢реБрднрдХрд╛рдордирд╛рдПрдВ,

рдЬрдп рд╢реНрд░реА рд░рд╛рдоЁЯЩП"
369,"Jai shri ram ЁЯЩП
Happy Navratri Gurudev ЁЯЩП"
370,Jai Shree Ram ЁЯЪйЁЯЪйЁЯЪйЁЯЪйЁЯЪй
371,Jay shree ram тЭдя╕ПЁЯЩП
372,Jai Shree Ram
373,Happy New Year 2078
374,Charan sparsh ramji
375,Nav varsh ki subh kamnay sir
376,"jai shree raam
mere aaj ke raam raam g ko raam raam again"
377,Jai Shri Ram.
378,Jai Sri Ram ЁЯЩП
379,"рдЖрдкрдХреЗ рдХрд╣реЗ рдЧрдП рд╢рдмреНрдж рд╕рдорд╕реНрдд рдпреБрд╡рд╛рдЬрдиреЛрдВ рдХреЛ рдкреНрд░реЗрд░рд┐рдд рдХрд░рдиреЗ рдХреЗ рд▓рд┐рдП рдкрд░реНрдпрд╛рдкреНрдд рд╣реИред  рд╣рдорд╛рд░реЗ рдзрд░реНрдо рд╕рдВрд╕реНрдХреГрддрд┐  рдХреЗ рдЕрдиреБрд╕рд╛рд░ рд╣рдорд╛рд░рд╛ рдирд╡рд╡рд░реНрд╖ рдЖрдЬ рд╣реА рд╣реИредредрдЕрдВрдЧреНрд░реЗрдЬреА рд╕рднреНрдпрддрд╛ рд╕реЗ рд╣рдореЗ рдирд┐рдХрд▓рдирд╛ рд╣реЛрдЧрд╛,рдФрд░ рдЕрдкрдиреЗ рдзрд░реНрдо рддрдерд╛ рджреЗрд╢ рдХреА рд╕рдВрд╕реНрдХреГрддрд┐ рдХреЛ рд╕рдВрдЬреЛ рдХрд░ рд░рдЦрдирд╛ рд╣реЛрдЧрд╛"
380,Jai Shree Ram Charan sparsh Shree Ram ji
381,рдЬрдп рд╢реНрд░реА рд░рд╛рдоЁЯЩП
382,Jai siya ram.
383,Jai Shree ram
384,Happy Ugadi sir
385,Jay shiri ram
386,Jai shree Ram jai Hindutva.....ЁЯЪйЁЯЪйЁЯЪйЁЯЗоЁЯЗ│ЁЯСН
387,рд╢реНрд░реА рд░рд╛рдо
388,Jai Shri ram ЁЯЩП ЁЯЩПЁЯЩП
389,Aap aisye hi zaroor zarror video bataye iswar se yahi kamna hai jai sri ram abhi kabhi kuch dilogs bhi bola kijye video me aur maja ayega
390,рдЬрдп рд╢реНрд░реА рд░рд╛рдоЁЯЪйЁЯХЙя╕ПЁЯФ▒
391,рдЖрдкрдХреЛ рднреА рднрд╛рд░рддреАрдп рдирд╡рд░рд╕ рдХреА рдмрд╣реБрдд рдмрд╣реБрдд рдмрдзрд╛рдИ
392,"Happy Navratri ЁЯЩПЁЯМ╗

Jai Siyaram ЁЯЩПЁЯМ╗"
393,рдЬрдп рд╢реНрд░реА рд░рд╛рдо рдЖрдкрдХреЛ рднреА рднрд╛рд░рддреАрдп рдирд╡ рд╡рд░реНрд╖ рдХреА рд╣рд╛рд░реНрджрд┐рдХ рд╢реБрднрдХрд╛рдордирд╛рдПрдВ ЁЯТЫЁЯЩПЁЯЩП
394,рдЬрдп рдЬрдп рд╢реНрд░реА  рд░рд╛рдо
395,Jai shree ram ji ki mitro happy navratri mitro ЁЯЩПЁЯЩПЁЯЩПЁЯЩПЁЯЩП
396,"тАЬрдЬреЛ рдХрднреА рд╕рдВрдШрд░реНрд╖ рд╕реЗ рдкрд░рд┐рдЪрд┐рдд рдирд╣реАрдВ рд╣реЛрддрд╛, рдЗрддрд┐рд╣рд╛рд╕ рдЧрд╡рд╛рд╣ рд╣реИ рд╡реЛ рдХрднреА рдЪрд░реНрдЪрд┐рдд рдирд╣реАрдВ рд╣реЛрддрд╛тАЭ"
397,"ЁЯЩПЁЯЩП 
Nav varsh ki hardik shubhkamnaaye ЁЯЩПЁЯЩП"
398,Jai shree ram ji . happy new year.
399,"""YOU TOO SHRI YOGI BHAI JI & FOR THE AMAZING EXPLAMATION OF THE   FEST"". OM JAY SHRI RAM!!!!!******"
400,Jay Shree Ram Arun govil ji ko
401,Jai jai sri ram
402,jai shree Ram
403,Jai Shree Ram
404,*рд╕рдирд╛рддрди рдирд╡ рд╡рд░реНрд╖ рдХреА рд╣рд╛рд░реНрджрд┐рдХ рд╢реБрднрдХрд╛рдордирд╛рдПрдВ ЁЯЩПЁЯХЙЁЯЪй*
405,Jai Shri Ram ЁЯЩПЁЯЩПЁЯЩПЁЯЩПЁЯЩП
406,рдЬрдп рд╣реЛ рдкреНрд░рднреБ рд╢реНрд░реАрд░рд╛рдо ЁЯЩПЁЯЩПЁЯЪйЁЯЩПЁЯЩП
407,Thanks
408,Jai siya ram ЁЯЩПЁЯЩПЁЯЩПЁЯЩПЁЯЩПЁЯЩПЁЯМ╣ЁЯМ╣ЁЯМ╣ЁЯМ╣ЁЯЪйЁЯЪйЁЯЪйЁЯЪйЁЯЪйЁЯЪйЁЯМ╗ЁЯМ╗ЁЯМ╗ЁЯМ╗ЁЯМ╗ЁЯМ║ЁЯМ║ЁЯМ╝ЁЯМ╝ЁЯМ║
409,"ЁЯНБ""рд░рд┐рджреНрдзрд┐ рджреЗ, рд╕рд┐рджреНрдзрд┐ рджреЗ,
рд╡рдВрд╢ рдореЗрдВ рд╡реГрджреНрдзрд┐ рджреЗ, рд╣реНрд░рджрдп рдореЗрдВ рдЬреНрдЮрд╛рди рджреЗ,
рдЪрд┐рддреНрдд рдореЗрдВ рдзреНрдпрд╛рди рджреЗ, рдЕрднрдп рд╡рд░рджрд╛рди рджреЗ,
рджреБрдГрдЦ рдХреЛ рджреВрд░ рдХрд░, рд╕реБрдЦ рднрд░рдкреВрд░ рдХрд░, рдЖрд╢рд╛ рдХреЛ рд╕рдВрдкреВрд░реНрдг рдХрд░,
рд╕рдЬреНрдЬрди рдЬреЛ рд╣рд┐рдд рджреЗ, рдХреБрдЯреБрдВрдм рдореЗрдВ рдкреНрд░реАрдд рджреЗ,
рдЬрдЧ рдореЗрдВ рдЬреАрдд рджреЗ, рдорд╛рдпрд╛ рджреЗ, рд╕рд╛рдпрд╛ рджреЗ, рдФрд░ рдирд┐рд░реЛрдЧреА рдХрд╛рдпрд╛ рджреЗ,
рдорд╛рди-рд╕рдореНрдорд╛рди рджреЗ, рд╕реБрдЦ рд╕рдореГрджреНрдзрд┐ рдФрд░ рдЬреНрдЮрд╛рди рджреЗ,
рд╢рд╛рдиреНрддрд┐ рджреЗ, рд╢рдХреНрддрд┐ рджреЗ, рднрдХреНрддрд┐ рднрд░рдкреВрд░ рджреЗрдВ...""ЁЯНБ
ЁЯНБрдЖрдк рдЖрдЬ рд╕реЗ рд╢реБрд░реВ рд╣реЛрдиреЗ рд╡рд╛рд▓реЗ  рдирд╡ рд╡рд░реНрд╖ рд╡рд┐рдХреНрд░рдо рд╕рдВрд╡рдд 2078 рдХреЗ рд▓рд┐рдП рд╢реБрднрдХрд╛рдордирд╛рдПрдВред

ЁЯЩПЁЯЩПЁЯЩПЁЯЩПЁЯЩПЁЯЩПЁЯЩПЁЯЩП
*ЁЯМ╣ ЁЯЩПрд╢реБрдн рдкреНрд░рднрд╛рдд ЁЯЩПЁЯМ╣*
*ЁЯМ╣ЁЯЩПрдЬрдп рд╢реНрд░реА рд╢реНрдпрд╛рдоЁЯЩПЁЯМ╣*"
410,Jay shri ram aapako bhi nav varsh ki shubhkamanaye
411,Happy Navratri to you and your.... Keep smile always   my  best wishes are always with you.... Jai   hind vandemataramЁЯЗоЁЯЗ│
412,Jai shri ramЁЯЩПЁЯЩП
413,рдкреНрд░рдгрд╛рдо рд╢реНрд░реА рдорд╛рди ЁЯЪй
414,Jai ho
415,Jai mata dee
416,"Aapko bhi bahut bahut shubkamnayain BJP ki sadasyta ke liye parbhuji,,,jai shri raam. ЁЯЩПЁЯЩПЁЯЩПЁЯЩПЁЯЩПЁЯМ╣ЁЯМ╣ЁЯМ╣ЁЯМ╣ЁЯМ╣"
417,Jai shree Ram ЁЯЩПЁЯЩПЁЯЩПЁЯЩПЁЯЩПЁЯЩП
418,"Aap ko bhi Hindu Nav varsha ki hardik shubhkamnaye 
Jai shri Ram ЁЯЩП"
419,"рдЬрдп рд╢реНрд░реА рд░рд╛рдоЁЯЪйЁЯЪйЁЯЪй
рдЬрдп рдорд╛рддрд╛ рджреАЁЯЪйЁЯЪйЁЯЪй
ЁЯТРЁЯТРЁЯТРЁЯТРЁЯТР"
420,Sir back ground music is too high...
421,Jai shri Ram ЁЯЩПЁЯЩПЁЯЩП
422,Jay shree Ram
423,Jai shriram ЁЯЩПЁЯЩП
424,Navvarsh ki hardik shubkamnayeЁЯЩПЁЯЩПЁЯЩПЁЯЩПЁЯЩП
425,Jaisiyaram jaisiyaramЁЯЩПЁЯЩПЁЯЩПЁЯЩП
426,Sir Bharat  ke bare mein kuchh boliye vah kahan hai kya karte
427,рдЬрдп рд╢реНрд░реА рд░рд╛рдо ЁЯЩПЁЯЩПЁЯЩПЁЯЩП
428,рд╣рд┐рдВрджреВ рдирд╡ рд╡рд░реНрд╖ рдХреА рд╣рд╛рд░реНрджрд┐рдХ рд╢реБрднрдХрд╛рдордирд╛рдПрдВ рд╕рд░ ЁЯЩПЁЯП╗ЁЯЩПЁЯП╗
429,Badhai ho ЁЯЩПтЭдЁЯМ╝ЁЯТРтЬитЬМЁЯМ║
430,рдЬрдп рд╢реНрд░реА рд░рд╛рдоЁЯМ║ЁЯМ║
431,"рдореЗрд░реЗ рдкреБрд░реЗ рдкрд░рд┐рд╡рд╛рд░ рдХреА рддрд░рдл рдЖрдкрдХреЛ рдирд╡рд░рд╛рддреНрд░рд┐ рдФрд░ рдирд╡рд╡рд░реНрд╖  рдФрд░ рдЧреБрдврд╝реАрдкрд╛рдбрд╡рд╛ рдвреЗрд░ рд╕рд╛рд░реА рд╣рд╛рд░реНрджрд┐рдХ рд╢реБрднрдХрд╛рдордирд╛рдПрдВ
рдЬрдп рд╢реНрд░реА рд░рд╛рдоЁЯП╣"
432,Navavarsh ki haardik shubkamnaye ЁЯЩПЁЯЩПЁЯЩПЁЯЩП
433,ЁЯЩПЁЯЩП
434,Jai shri ram
435,Jai shree ram
436,"JAI SHIYARAAM,,,JAI HANUMAAN ,,,,,JAI SHRI LAXMAN,,,,JAI SHRI KRISHNA"
437,Jay Shri ram jay Shri ram
438,Happy New year Ram ji  ЁЯМ╖ЁЯМ╖
439,Jai shri Ram ЁЯЪйЁЯЪй
440,Jay shree ram jai jai ram
441,Jai shree ramЁЯЩП
442,Jai Siya Ram ЁЯЩПЁЯЩПЁЯШЗЁЯШЗЁЯТпЁЯТпЁЯЩГЁЯЩГ
443,ЁЯЩПЁЯЩПЁЯЩПЁЯЩПЁЯЩП
444,ЁЯМ╖ЁЯМ╖Jai Shari Ram ji ЁЯМ╖ЁЯМ╖
445,рдЖрдкрдХреЛ рдкреНрд░рдгрд╛рдо рд╢реНрд░реА рдЕрд░реВрдг рдЬреА
446,Jai shree sitaram
447,Jai Shri Ram . Arun ji agar aankhein bndkr ke bgwan Ka dhayn lgau toh Aapka chehra sbse pehle samne Ata hai.
448,Jay Shree raam ЁЯЩП
449,рдЖрдкрдХреЛ рднреА рдирд╡ рд╡рд░реНрд╖ рдХрд┐ рд╣рд╛рд░реНрджрд┐рдХ рд╢реБрднрдХрд╛рдордирд╛рдПрдВ ЁЯЩП
450,Jay Sri ram Jay Sri kirsan Jay bajrang Bali
451,Jai shri Ram ЁЯЩПЁЯЩПЁЯЩПЁЯМ╣
452,ЁЯЪйЁЯЪйJAY SHREE RAMЁЯЪйЁЯЪй
453,рдЬрдп рд╢реНрд░реА рд░рд╛рдо
454,Jai shree Ram тШ║
455,Happy new year sir
456,рдпреБрд╡рд╛ рдкреАрдврд╝реА рдХреЛ рд╕рдВрд╕реНрдХрд╛рд░рд╡рд╛рди рдмрдирд╛рдиреЗ рдХрд╛ рд╕реБрдВрджрд░ рдкреНрд░рдпрд╛рд╕  ЁЯЩПрдЬрдп рд╕рд┐рдпрд╛ рд░рд╛рдо
457,Jai shree ram
458,Naman hai sir apko... jai shree ram
459,ЁЯЪйрдЬрдп рд╢реНрд░реА рд░рд╛рдоЁЯЪйЁЯЩПЁЯП╗ЁЯЩПЁЯП╗ЁЯЩПЁЯП╗
460,Jai mata di.
461,Jai mata di.
462,Namaste ЁЯЩПЁЯЗ│ЁЯЗ╡ЁЯЩПЁЯЗ│ЁЯЗ╡ЁЯЩПЁЯЗ│ЁЯЗ╡ЁЯЩП
463,рдЖрдк рд╕рднреА рд╕рдирд╛рддрдиреА рднрд╛рдИ рдмрд╣рдиреЛрдВ рдХреЛ рд╣рд┐рдиреНрджреВ рдирд╡ рд╡рд░реНрд╖ рд╡рд┐рдХреНрд░рдо рд╕рдВрд╡рдд реирежренрео рдХреА рд╢реБрднрдХрд╛рдордирд╛рдПрдВ
464,Jai shree ram sir
465,Jai Shiri Ram
466,Jai Shree ram
467,Jai Ho Shree SitaRam Prabhu Ji Ki
468,ЁЯЪйрдЬрдп рд╢реНрд░реА рд░рд╛рдо ЁЯЪй
469,Jai Shree Ram ЁЯЩПЁЯЩП
470,Jai sri ram
471,Shree Ram Jai Ram Jai Jai Ram
472,рд╣рд┐рдВрджреВ рдирд╡рд╡рд░реНрд╖ рдХреА рд╢реБрднрдХрд╛рдордирд╛рдПрдВ рее ЁЯЪйЁЯЪйЁЯХЙя╕ПЁЯХЙя╕П рдЬрдп рд╢реНрд░реА рд░рд╛рдоЁЯЩПЁЯП╗ЁЯЩПЁЯП╗
473,рдЬрдп рд╢реНрд░реА рд░рд╛рдо ЁЯЪйЁЯЪйЁЯЩПЁЯП╗ЁЯЩПЁЯП╗ЁЯЩПЁЯП╗
474,Jai shree ram
475,ЁЯЩПЁЯЩП рдЬрдп рд╢реНрд░реА рд░рд╛рдо ЁЯЩПЁЯЩП
476,ЁЯЩПЁЯЩПЁЯЩПрдЬрдп рд╢реНрд░реА рд░рд╛рдоЁЯЩПЁЯЩПЁЯЩП
477,ЁЯЩПЁЯЩПЁЯЩПрдЬрдп рд╢реНрд░реА рд░рд╛рдоЁЯЩПЁЯЩПЁЯЩП
478,рд╣рд░ рд╣рд░ рдорд╣рд╛рджреЗрд╡ЁЯЩП рдЬрдпрд╢реНрд░реА рд░рд╛рдоЁЯЪйЁЯЪй
479,Jay Shri Ram
480,Jai ram ji ki
481,Nav varsh ki navel Chandni Man mein now sanchar bhare naw  asha ka Tilak sajakar  mangalmay sansar Karen
482,рдЬрдп рдорд╛рддрд╛ рджреА ЁЯЩПЁЯЩП
483,Jai jai shree Ram
484,Arun govil sir I am a huge fan of you jay shri Ram
485,Jay shree ram
486,Jai Shri Ram
487,"рдЬрдп рд╢реНрд░реА рд░рд╛рдо
рдкреНрд░рдгрд╛рдо рдЧреБрд░реБрджреЗрд╡"
488,рддреБрдореНрд╣рд╛рд▓рд╛ рд╡ рддреБрдордЪреНрдпрд╛ рдкрд░рд┐рд╡рд╛рд░рд╛рд▓рд╛ рдЧреБрдвреАрдкрд╛рдбрд╡реНрдпрд╛рдЪреНрдпрд╛ рд╣рд╛рд░реНрджрд┐рдХ рд╢реБрднреЗрдЪреНрдЫрд╛ рд╣реЗ рд╡рд░реНрд╖ рддреБрдореНрд╣рд╛рд▓рд╛ рдЖрдирдВрджреА рд╕реБрдЦрд╕рдорд╛рдзрд╛рдирд╛рдЪрдВ рдЖрд░реЛрдЧреНрдпрдордп рдЬрд╛рдУ
489,*рдЬрдп рд╢реНрд░реА рд░рд╛рдоредЁЯЩПЁЯЩПЁЯЩП*
490,рдЬрдп рд╢реНрд░реА рд░рд╛рдо ЁЯЩП
491,рдЬрдп рд╢реНрд░реА рд░рд╛рдо
492,Jai shri ramЁЯЩПЁЯЩП
493,Jai shree Ram ЁЯЩПЁЯЩПЁЯЩПЁЯЩП
494,рдкреНрд░рднреБ рд╕рд╛рджрд░ рдкреНрд░рдгрд╛рдо ред рдЖрдкрдХреЛ рднреА рд╣рд┐рдиреНрджреВ рдирд╡рд╡рд░реНрд╖ рдХреА рдвреЗрд░реЛ рд╢реБрднрдХрд╛рдордирд╛рдпреЗ рд╡рд╕ рдпрд╣реА рдХрд╛рдордирд╛ рд╣реИ рдЙрд╕ рдбрдорд░реВ рдмрд╛рд▓реЗ рд╕реЗ рдЖрдк рдЗрд╕реА рддрд░рд╣ рд╣рдо рд▓реЛрдЧреЛ рдХрд╛ рдорд╛рд░реНрдЧрджрд░реНрд╢рди рдХрд░рддреЗ рд░рд╣реЗ рджреБрдирд┐рдпрд╛ рдХреБрдЫ рдирд╣реА рд░рдЦрд╛ рд╣реИ рд╣рдо рдкрд┐рдирд╛рд╣рдЯ рдЖрдЧрд░рд╛ рдХреЗ рд░рд╣рдиреЗ рдмрд╛рд▓реЗ рд╣реИ рдЗрдЯрд╛рд╡рд╛ рдХреЗ рдкрд╛рд╕ рдЬреЛ рдШрдЯрдирд╛ рд╣реБрдИ рд╣реИ рдХреЗрдирдЯрд░ рдПрдХ рдЦрдбреНрдбреЗ рдореЗрдВ рдЬрд╛ рдЧрд┐рд░реА рдЙрд╕рдореЗ 12 рд▓реЛрдЧ рдорд╛рд░реЗ рдЧрдпреЗ рдЬрд┐рд╕рдореЗ рдЪрд╛рд░ рд▓реЛрдЧ рд╣рдорд╛рд░реЗ рдкрдбреЛрд╕ рдХреЗ рд╣реА рдереЗ рджреЗрдЦрдХрд░ рдХреЗ рдХрд▓реЗрдЬрд╛ рдлрдЯрддрд╛ рд╣реИ рдмрд╕ рдПрдХ рдЧрд▓рддреА рдбреНрд░рд╛рдЗрд╡рд░ рдХреА рд╢рд░рд╛рдм рдкреА рд▓реА рд░рд╛рд╕реНрддреЗ рдореЗ рдХрдИ рдмреЗрдЧреБрдирд╛рд╣ рдХреА рдЬрд╛рди рдЪрд▓реА рдЧрдИ рд╢рд░рд╛рдм рдкрд░ рдХреЛрдИ рдорд╛рд░реНрдЧрджрд░реНрд╢рди рдЬрд╝рд░реВрд░ рдХрд░реЗ
495,"рдЖрдк рд╕рднреА рдХреЛ рд╣рд┐рдиреНрджреБ рдирд╡ рд╡рд░реНрд╖ рдХреА рд╣рд╛рд░реНрджрд┐рдХ рд╢реБрднрдХрд╛рдордирд╛рдПрдБЁЯЩПЁЯП╗ЁЯЩПЁЯП╗
рдЬрдп рд╢реНрд░реА рд░рд╛рдоЁЯЩПЁЯП╗ЁЯЩПЁЯП╗"
496,рдЬрдп рд╢реНрд░реА рд░рд╛рдо ЁЯЩПЁЯЩП
497,ЁЯЩПJai Shree RamЁЯЩПЁЯЪйЁЯЪйЁЯЪй
498,"Namste sir
ЁЯЩПЁЯЩПЁЯЩП"
499,Jai shree Ram ЁЯЩП
500,aapko v hindu nav varsh ki hardik subhkamnaye ЁЯМ╣ЁЯМ╣ЁЯЩПЁЯЩП
501,рдЖрдк рд╣рдорд╛рд░реЗ рдорди рдореЗрдВ рд░рд╛рдо рдХреА рд╡реЛ рдЫрд╡рд┐ рд╣реЛ рдХрд┐ рдЖрдБрдЦ рдмрдВрдж рдХрд░ рдХреЗ рд░рд╛рдо рд╕реБрдирддреЗ рд╣реА рджрд┐рдорд╛реЪ рдореЗрдВ рдЖрддреЗ рд╣реЛ ЁЯЩПЁЯЩПЁЯЩП
502,Jai shree ram ЁЯЩПЁЯЪй
503,Jai sree ram
504,рд╣рд┐рдиреНрджреВ рдирд╡рд╡рд░реНрд╖ рдордВрдЧрд▓рдордп рд╣реЛ
505,Jai sree Ram
506,Happy New Year
507,рдЖрдкрдХреЛ рднреА рдирд╡ рд╡рд░реНрд╖ рдХреА рд╣рд╛рд░реНрджрд┐рдХ рд╢реБрднрдХрд╛рдордирд╛рдПрдВ
508,ЁЯЩПЁЯЩПЁЯЩПЁЯЪйЁЯЪй
509,рдЬрдп рд╢реНрд░реА рд░рд╛рдо ЁЯЩПЁЯЩП
510,Nab barsh ki hardik shubhkamanayen
511,рдЖрдк рд╕рднреА рдХреЛ рдирд╡ рд╡рд░реНрд╖ рдХреА рдФрд░ рдЧреБреЬреАрдкреЬрд╡рд╛ рдХреА рд╣рд╛рд░реНрджрд┐рдХ рд╢реБрднрдХрд╛рдордирд╛рдПрдВредредредредред
512,!!рдЬрдп рд╢реНрд░реА рд╕реАрддрд╛рд░рд╛рдо рдЬреА рдХреА рдЬрдп!!
513,"Jai Shree Ram sir
Jitni baar Ramayana deko uthi hi bhakti bhdti hai"
514,"Jai shri ramЁЯЩПЁЯЩП
Hindu nav bharsh ki dhero subhkamanayeЁЯЩПЁЯЩПЁЯЩП"
515,рднрд╛рд░рддреАрдп рд╕рдВрд╕реНрдХреГрддрд┐ рд╕рдирд╛рддрди рдзрд░реНрдо рдХреА рд╣рд┐рдиреНрджреВ рдирд╡рд╡рд░реНрд╖ рдХреА рд╣рд╛рд░реНрджрд┐рдХ рд╢реБрднрдХрд╛рдордирд╛рдПрдВ ред рдЕрд░реБрдг рдЧреЛрд╡рд┐рд▓ рд╕рд░ рдЬреА  ред рдЬрдп рд╢реНрд░реА рд░рд╛рдо рдирдорд╕реНрдХрд╛рд░ рдкреНрд░рдгрд╛рдо
516,"ЁЯХЙя╕П рдЬрдп рд╢реНрд░реА рд░рд╛рдо рдЬрдп рд╣рдиреБрдорд╛рди ЁЯЩП рд╕рднреА рджрд░реНрд╢рдХреЛрдВ рдХреЛ рд╣рд┐рдВрджреВ рдирд╡рд╡рд░реНрд╖, рдЧреБрдбрд╝реА рдкрдбрд╝рд╡рд╛ рдПрд╡рдВ рдирд╡рд░рд╛рддреНрд░рд┐ рдкрд░реНрд╡ рдкрд░ рд╣рд╛рд░реНрджрд┐рдХ рд╢реБрднрдХрд╛рдордирд╛рдПрдВ тЭдя╕ПЁЯСНред"
517,ЁЯЩПЁЯП╗ЁЯЩПЁЯП╗ЁЯЩПЁЯП╗ЁЯЩПЁЯП╗ЁЯЩПЁЯП╗ЁЯЩПЁЯП╗ЁЯЩПЁЯП╗ЁЯЩПЁЯП╗ЁЯЩПЁЯП╗
518,Jai Ram Siya Laxman kiЁЯЩПЁЯЩП Ape ko bhi Nav Varsh ki Shubhkamnaye ho prabhu ЁЯМ╖ЁЯМ╖тЭдтЭдЁЯЩПЁЯЩП Nice video ЁЯСПЁЯСП
519,рдЬрдп рд╢реНрд░реА рд░рд╛рдоЁЯЩП
520,рдЬрдп рд╢реНрд░реА рд░рд╛рдоЁЯЩП
521,Happy hindu nav varsh ЁЯЩПЁЯЩПЁЯЩПЁЯХЙя╕ПЁЯЩП
522,Jay shri ram
523,You are the best sir тЭгя╕ПтЭгя╕ПтЭгя╕ПтЭгя╕ПтЭгя╕ПтЭгя╕ПтЭдя╕ПтЭдя╕ПтЭдя╕ПтЭдя╕ПтЭдя╕ПтЭдя╕ПтЭдя╕ПI want to meet you sirЁЯЩПЁЯЩПЁЯЩПЁЯЩПЁЯЩПЁЯЩПЁЯЩПЁЯЩП
524,ЁЯЪйрдЬрдп рд╢реНрд░реА рд░рд╛рдо ЁЯЪйЁЯЩП
525,Happy Bihu
526,Sahi bat bole
527,ЁЯЩПЁЯЩП рдЬрдп рд╢реНрд░реА рд░рд╛рдо ЁЯЩПЁЯЩП
528,"You played king Vikramaditya role very well Arun ji , god bless"
529,ЁЯЩПЁЯЩП Jai Shri ram ЁЯЩПЁЯЩП
530,Jai SiyaRam
531,рд╣реЗ рдкреНрд░рднреБ рд╢реНрд░реА рд░рд╛рдо рдЖрдкрдХреЛ рднреА рд╣рд┐рдВрджреВ рдирд╡ рд╡рд░реНрд╖ рдФрд░ рдЪреИрддреНрд░ рдирд╡рд░рд╛рддреНрд░ рдХреА рд╣рд╛рд░реНрджрд┐рдХ рд╢реБрднрдХрд╛рдордирд╛рдПрдВ рдЬрдп рдЬрдп рд╢реНрд░реА рд░рд╛рдо
532,Jai shri ramЁЯЩП
533,Sir bahut achee lg rhe hai aap ЁЯдЧЁЯзбЁЯЩП
534,рдкреНрд░рдгрд╛рдо рд╕рд░ ЁЯЩПЁЯЩП рдЖрдкрдХреЛ рднреА рд╣рд┐рдВрджреВ рдирд╡рд╡рд░реНрд╖ рдХреА рдвреЗрд╝рд░реЛрдВ рд╢реБрднрдХрд╛рдордирд╛рдПрдБ ЁЯЩПЁЯЩПред рдЖрдкрд╕реЗ рдпреВрдЯрдпреВрдм рдХреЗ рдорд╛рдзреНрдпрдо рд╕реЗ рдорд┐рд▓рдирд╛ рдПрд╡рдВ рдЖрдкрдХреА рд╕реБрдВрджрд░ рдПрд╡рдВ рдореАрдареА рд╡рд╛рдгреА рдореЗрдВ рдЖрдкрд╕реЗ рдЕрдЪреНрдЫреА рдПрд╡рдВ рдорд╣рддреНрд╡рдкреВрд░реНрдг рдмрд╛рддреЗрдВ рдЬрд╛рдирдирд╛ рд╣рдореЗрдВ рдмрд╣реБрдд рдЕрдЪреНрдЫрд╛ рд▓рдЧрддрд╛ рд╣реИред рдХреГрдкрдпрд╛ рдЖрдк рд╕рджрд╛ рдЗрд╕реА рдкреНрд░рдХрд╛рд░ рд╣рдорд╕реЗ рдорд┐рд▓рддреЗ рд░рд╣реЗрдВред рдкреНрд░рднреБ рдЖрдкрдХреЛ рджреАрд░реНрдШрд╛рдпреБ рдкреНрд░рджрд╛рди рдХрд░реЗ рдПрд╡рдВ рд╕рджрд╛ рд╕реНрд╡рд╕реНрде рд░рдЦреЗ рдпрд╣реА рд╣рдорд╛рд░реА рдордиреЛрдХрд╛рдордирд╛ рд╣реИред
535,"Ram ji yeh bataiye navratri mein ganpati ki music kyon baja rahe ho background mein ?  
Saadar Pranam aur Nav varsh ki hardik Shubhkamnaye"
536,Jay jay shreeram sir
537,"Happy New Year, рд╕рднреА рдХреЛЁЯМ╗
рд╕рд╣реА рдЬрд╛рдирдХрд╛рд░реА рдХреЗ рд▓рд┐рдП рдмрд╣реБрдд рдмрд╣реБрдд рдзрдиреНрдпрд╡рд╛рдж рд╕рд░
рд╣рдо рдЖрдиреЗ рд╡рд╛рд▓реЗ 1 January рдХреЛ New Year рдЕрдм Celebrate рдирд╣реАрдВ рдХрд░реЗрдВрдЧреЗ ЁЯЩПтЭдтЭдтЭдтЭд"
538,рдЕрдпреЛрдзреНрдпрд╛ рд╕реЗ рдЬрдп рд╢реНрд░реА рд░рд╛рдо ЁЯЩП
539,Jai shree ram
540,"рднрд╛рд░рддреАрдп рдирд╡ рд╡рд░реНрд╖ рдХреА рд╣рд╛рд░реНрджрд┐рдХ рд╢реБрднрдХрд╛рдордирд╛рдПрдВ ЁЯШК
рдирд╡ рд╡рд░реНрд╖ рдордВрдЧрд▓рдордп рд╣реЛ | ЁЯТРЁЯЩП"
541,Jay Shree Ram ЁЯЩПЁЯМ╣
542,"рдЬрдп рд╢реНрд░реА рд░рд╛рдоред рдЖрдкрдХреЛ рднреА рдирд╡рд╡рд░реНрд╖ рд╡рд┐рдХреНрд░рдо рд╕рдВрд╡рддреН 2078, рдЧреБрдбреА рдкрдбрд╝рд╡рд╛, рдпреБрдЧрд╛рдмреНрдз, рдирд╡рд░рд╛рддреНрд░реА рдХреА рд╣рд╛рд░реНрджрд┐рдХ рд╢реБрднрдХрд╛рдордирд╛рдПрдБ"
543,Jai Shree Ram ЁЯЩП
544,"рд╕рднреА рд╕рдирд╛рддрди рдкреНрд░реЗрдорд┐рдпреЛрдВ рдХреЛ рд╣рд┐рдиреНрджреВ рдирд╡рд╡рд░реНрд╖ рдХреА рд╣рд╛рд░реНрджрд┐рдХ рд╢реБрднрдХрд╛рдордирд╛рдПрдВред рд╕рднреА рдЖрдкрд╕ рдореЗ рдПрдХрддрд╛ рдФрд░ рдкреНрд░реЗрдо рдмрдирд╛рдпреЗ рд░рдЦреЗрдВред 
рдЬрдп рд╢реНрд░реА рдХреГрд╖реНрдг
рдЬрдп рд╢реНрд░реА рд░рд╛рдо"
545,Jai siya ram
546,Jai shree ram.... ЁЯЩПЁЯЩПЁЯЩП
547,Wow sir..so nice and truthfull knowledge ЁЯЩВЁЯЩВ...kitni sundar aun asan bhav se aap hume samjhate hai....ЁЯЩВЁЯЩВ radhe radhe ЁЯТУjai siya ramЁЯТУ
548,Ram Ram ji
549,"Sri Arun Govil ji aapko bhi nav warsh ki hardik subhkamnaye ,jai shri ram."
550,Jay shree ram
551,Jai shi ram ЁЯМ╣ЁЯМ╣ЁЯЩПЁЯЩПЁЯЩПЁЯЩПЁЯМ╣
552,Happy navratri ЁЯЩПЁЯЩПЁЯЩП
553,Jai shri Ram тЭдя╕П
554,Jay ЁЯЩП Shri Ram
555,рдЬрдп рд╢реНрд░реА рд░рд╛рдо рдкреНрд░рднреБЁЯЪйЁЯЩПЁЯЩПЁЯЩПЁЯЩПЁЯЪй
556,ЁЯЩПрдЬрдп рд╢реНрд░реА рд░рд╛рдо ЁЯЩП
557,рдЬрдп рд╢реНрд░реАрд░рд╛рдо
558,ЁЯеАЁЯеАЁЯеАЁЯеАЁЯеАЁЯеАЁЯеАЁЯеАЁЯеАЁЯеАЁЯеАЁЯеАЁЯеАЁЯеАЁЯеАЁЯеАрдЖрдк рд╕рднреА рдХреЛ рд╣рд┐рдиреНрджреВ рдирд╡рд╡рд░реНрд╖ рдФрд░ ЁЯеАЁЯеАЁЯеАЁЯеА рдирд╡рд░рд╛рддреНрд░реА рдХреА рд╣рд╛рд░реНрджрд┐рдХ рд╢реБрднрдХрд╛рдордирд╛рдПрдБЁЯеАЁЯеАЁЯеАЁЯеАЁЯеА тЪШтЪШтЪШтЪШтЪШтЪШтЪШтЪШтЪШтЪШтЪШЁЯЩПЁЯЩПЁЯЩПЁЯЩПЁЯЩПЁЯЩПЁЯЩПЁЯЩПЁЯЩПрдЬрдп рд╢реНрд░реА рд░рд╛рдо ЁЯЩПЁЯЩПЁЯЩПЁЯМ╖ЁЯМ╖ЁЯМ╖ЁЯМ╖ЁЯМ╖ЁЯМ╖ЁЯМ╖ЁЯМ║ЁЯМ║ЁЯМ║рдЬрдп рдорд╛рддрд╛ рджреАЁЯМ║ЁЯМ║ЁЯМ║ЁЯМ║ЁЯЩПЁЯЩПЁЯЩПЁЯЩПЁЯЩПЁЯМ║ЁЯМ║ЁЯМ║ЁЯМ║ЁЯМ║ЁЯМ║ЁЯМ╖ЁЯМ╖ЁЯМ╖ЁЯМ╖ЁЯМ╖ЁЯМ╖ЁЯМ╣ЁЯМ╣ЁЯМ╣ЁЯМ╣ЁЯМ╣ЁЯМ╣ЁЯМ╣ЁЯМ╣ЁЯеАЁЯеАЁЯеАЁЯеАЁЯеАЁЯеАЁЯеАЁЯеАЁЯеАЁЯеАЁЯеАЁЯеА
559,ЁЯЩПЁЯЩПЁЯЩПтЭдя╕ПтЭдя╕ПтЭдя╕П
560,Jay Shree Ram ЁЯМ║ЁЯЩП
561,рдЬрдп рд╕рд┐рдпрд╛рд░рд╛рдо рдЬрдп рдорд╛рддрд╛ рджреА
562,Jai shree Ram ЁЯЩП
563,Aapko bhi hindu nav varsh ki badhai ho ЁЯдЧ
564,Jai shri Ram
565,Jay Shri Ram ЁЯЪйЁЯЪйЁЯЪй
566,Jai shri Ram тЫ│
567,ЁЯЩПЁЯЩПЁЯТРЁЯТР
568,Sir apko b Nav Varsh aur Navratri ki Hardik ShubhkamnayeтЭдя╕ПтЭдя╕ПJai SiyaRam ЁЯЩПтЭдя╕ПЁЯШНЁЯдЧ
569,Prabhu aapko bhi nav varsh ki bahut bahut badhai ЁЯЩПЁЯЩПЁЯЩПЁЯЩПЁЯЩПЁЯЩПЁЯЩПЁЯЩПЁЯЩПЁЯЩПЁЯЩПЁЯЩПЁЯЩПЁЯЩПЁЯЩПЁЯЩПЁЯЩПЁЯЩПЁЯЩПЁЯЩПЁЯЩПЁЯЩПЁЯЩПЁЯЩПЁЯЩПЁЯЩПЁЯЩПЁЯЩПЁЯЩПЁЯЩПЁЯЩПЁЯЩПЁЯЩПЁЯЩПЁЯЩПЁЯЩПЁЯЩПЁЯЩПЁЯЩПЁЯЩПЁЯЩПЁЯЩПЁЯЩПЁЯЩПЁЯЩП
570,рдЬрдп рд░рд╛рдо рдЬреА
571,Jai shree ram ji
572,рдЬрдп рд╢реНрд░реАрд░рд╛рдо ЁЯЩПЁЯП╗ЁЯЩПЁЯП╗
573,Jai siya ram nav varsh mangalmai ho
574,рдЬрдп рд╢реНрд░реА рд░рд╛рдоЁЯЩПЁЯЩПЁЯЩПЁЯЪйЁЯЪйЁЯЪй
575,Jai shree ram
576,рдЬрдп рдорд╛рддрд╛ рджреА
577,"Charan sparsh prabhu,ЁЯЩПЁЯЩП
Jai shri ramЁЯЩПЁЯЩП"
578,Jai Shree ramЁЯЩПЁЯЩПЁЯЩП
579,Nav varsh ki hardik shubhkamnaen sir g aap hamesha logon ke hriday me vash karoge  Ram ke roop me
580,Sir aap Roj live aaye sir YouTube par ЁЯЩПЁЯЩПЁЯЩПЁЯЩПЁЯЩПЁЯЩПЁЯЩПЁЯЩПЁЯЩП
581,Jai ram ji ki
582,Jai shree ram ЁЯЩПЁЯЩПЁЯЩП
583,Tulsidas Has added so many bad things in Ramcharitmanas ЁЯШЯ
584,Appji ko pranam prabhu jiЁЯЩП appji ko bhi nav varsha ki subh kamnay.
585,рдирд╡ рд╕рдВрд╡рддрд╕рд░ рдордВрдЧрд▓рдордп рд╣реЛЁЯЩПЁЯЩПЁЯЩПЁЯЩП
586,Jay Siyaram.
587,"ЁЯЩПЁЯП╗рд╕рднреА рдХреЛ рдирд╡рд╡рд░реНрд╖ рдХреА рд╣рд╛рд░реНрджрд┐рдХ рд╢реБрднрдХрд╛рдордирд╛рдПрдВ рдФрд░ рдмрдзрд╛рдИ редЁЯЩПЁЯП╗
ЁЯЩПЁЯП╗ЁЯХЙрдЬрдп рд╢реНрд░реА рд░рд╛рдо рдЬреАЁЯХЙЁЯЩПЁЯП╗"
588,Jai hind Jai Sri Ram Jai Sri Krishna
589,рдЬрдп рд╢реНрд░реА рд░рд╛рдо ЁЯЩПЁЯЪйЁЯЪйЁЯЪйЁЯЪйЁЯЪй
590,ЁЯТУЁЯТУЁЯЩПЁЯЩПЁЯТУЁЯТУ
591,Jai Shri ram
592,Aap ko jab dekhte h to Ram Ji nazar aate h
593,рдЬрдп рд╢реНрд░реА рд░рд╛рдо
594,May Lord Shri Ram bless you (Shri Arul Govin ji) with good health and long life. Jai Shri Ram.
595,рдирдорд╕реНрдХрд╛рд░ рд╕рд░ рдЬреАредрдЖрдк рдХреЛ рд╣рд┐рдиреНрджреВ рдирд╡ рд╡рд░реНрд╖ рдХреА рд╣рд╛рд░реНрджрд┐рдХ рд╢реБрднрдХрд╛рдордирд╛рдПрдВредЁЯЩПЁЯЩП
596,рдЬрдп рд╢реНрд░реА рд░рд╛рдо ЁЯЩПЁЯЩП
597,Jai shree ram
598,рдирд╡ рд╡рд░реНрд╖ рдХреА рд╣рд░реНрджрд┐рдХ рд╢реБрдн рдХрдордирд╛рдПрдБ
599,Jaiy Shiri ram sir ji
600,рдирд╡ рд╡рд░реНрд╖ рдХреА рд╣рд╛рд░реНрджрд┐рдХ рд╢реБрднрдХрд╛рдордирд╛рдПрдВредЁЯЩПЁЯЪйЁЯЪйЁЯЪйЁЯЪйЁЯЪй
601,рд╣рд┐рдиреНрджреВ рдирд╡рд╡рд░реНрд╖ рдХреА рд╣рд╛рд░реНрджрд┐рдХ рд╢реВрднрдХрд╛рдордирд╛рдПрдБЁЯЩПЁЯЩПЁЯЩПЁЯЪйтЩея╕ПЁЯШН
602,"#рд╣рд┐рдиреНрджреВ_рдирд╡рд╡рд░реНрд╖ рдФрд░ #рдЪреИрддреНрд░_рдирд╡рд░рд╛рддреНрд░рд┐ рдкрд░реНрд╡ рдХреА рд╣рд╛рд░реНрджрд┐рдХ рд╢реБрднрдХрд╛рдордирд╛рдпреЗ,ЁЯЩП #рдкреНрд░рднреБЁЯМ║ ЁЯТкЁЯТк#рд╕реНрд╡рд╕реНрде рдФрд░ ЁЯШК#рдкреНрд░рд╕рдиреНрди рд░рд╣рд┐рдП #рдЬрдп_рд╕рд┐рдпрд╛рд░рд╛рдоЁЯМ║ЁЯЩПЁЯЪй #рдЬрдп_рдкрд╡рдирдкреБрддреНрд░ЁЯМ║ЁЯЩПЁЯЪй#рдЬрдп_рдорд╛рддрд╛_рджреАЁЯМ║ЁЯЩПЁЯЪй"
603,JMD
604,рдЬрдп рд╢реНрд░реА рд░рд╛рдо ЁЯЩП
605,рд░рд╛рдо рдЬреА рдЕрдкрдиреЗ рд▓рд╡ рдХреБрд╢ рдХреЛ рджрд┐рдЦрд╛ рджреЛ
606,Jay Shri Ram
607,рдкреНрд░рдгрд╛рдо рдкреНрд░рднреБ ЁЯЩПЁЯЩПЁЯЩП
608,рдЖрдкрдХреЛ рднреА рдирд╡ рд╡рд░реНрд╖ рдХрд┐ рд╣рд╛рд░реНрджрд┐рдХ рд╢реБрднрдХрд╛рдордирд╛рдПрдВред
609,Jai Shree Ram ЁЯЩПЁЯЩПЁЯЩПЁЯЩПЁЯЩП
610,"Sir g.  Thanks 
Aapke margdarshan me bahut yuva apni habits sudhar rhe Hain 
Jay Shri ram"
611,Jai Shri Ram
612,Jai Shri Ram. Happy Hindu Nav Varsh to everyone.
613,Happy navratri
614,рдЬрдп рд╢реНрд░реА рд░рд╛рдоредЁЯЩПЁЯЪйЁЯЪйЁЯЪйЁЯЪйЁЯЪй
615,Aapko bhi Chaitra Navratri aur Hindu NAV varsh ki hardik shubhkamnaye
616,Happy Hindu Nav varsh to you sir. You are my favourite actor and whenever Ramayan is telecasted on Star Bharat I watch and enjoy it. Thank you once again for doing the role of Prabhu Shri Ram. You just made our lives better .
617,рдЬрдп рд╕рд┐рдпрд╛ рд░рд╛рдо
618,Jai mata di jai Shree Ram
619,рдирд╡ рд╡рд░реНрд╖ рдХреА рд╣рд╛рд░реНрджрд┐рдХ рд╢реБрднрдХрд╛рдордирд╛рдПрдБ
620,Jay shree ram
621,рдЖрдк рдХреЛ рднреА рд╢реБрднрдХрд╛рдордирд╛рдПрдБ рдЬрдп рд╢реНрд░реА рд░рд╛рдо
622,ЁЯЪй рдЬрдп рд╢реНрд░реА рд░рд╛рдо ЁЯЪй
623,Sir aapko hindu nav varsh ki dhero shubh kamnaye aur navratri ki bhi hardik shubhkamnaye prabhu aapko khoob khushiya aur sukh de aap sda khush rahe jai siya ram
624,"Sir , ab isse jayada acchi shuruaat humare nav varsh ki ho hi nahi sakti , aapka ashirvad mil gaya kafi hai . Charan sparsh sir ЁЯЩП . Jay siya ram sir ЁЯЩПтЭдя╕П"
625,рдЪреИрддреНрд░ рдирд╡рд░рд╛рддреНрд░рд┐ рдХреА рдмрд╣реБрдд рдмрд╣реБрдд рдмрдзрд╛рдИ тЫ│ рдЬрдп рдорд╛рддрд╛ рджреА ЁЯЩП рдЬрдп рд╢реНрд░реА рд░рд╛рдо
626,"рдЖрдкрдХреЛ  рдЪреЗрддреНрд░ рдирд╡ рд╡рд░реНрд╖ рд╡рд┐рдХреНрд░рдо рд╕рдореНрд╡рдд реирежренрео 
рдХреА рдЕрдирдВрдд рд╢реБрднрдХрд╛рдирд╛рдПрдВ ред


рдЬрдп рд╢реНрд░реА рд░рд╛рдо ред"
627,Jai Sri Ram ЁЯЩПЁЯЩПЁЯЩПЁЯЩПЁЯЩПЁЯЩПЁЯЩПЁЯЩПЁЯЩПЁЯЩПЁЯЩП
628,Jai Shree Ram ЁЯЩП
629,Jai.shree ram
630,рдЬрдп рдЬрдп рд╢реНрд░реА рд░рд╛рдо рдЬрдп рдорд╛рддрд╛ рджреА рдкреНрд░рднреБредЁЯЩПЁЯЩПЁЯЩП рдХреЗрд╕рд░реА рд░рдВрдЧ рдореЗрдВ рдХрд┐рддрдиреЗ рдЕрдЪреНрдЫреЗ рд▓рдЧ рд░рд╣реЗ рд╣реЛ
631,Jai Shree Ram
632,Arun govil ji bhagwan apko dirghau hone ka kripa banaye rakheЁЯЩПЁЯЩПЁЯМ╣ЁЯМ╣
633,"Jai Shri Ram ЁЯЩПЁЯЩПЁЯЩП
Happy Navvarsh ЁЯЩПЁЯЗоЁЯЗ│ЁЯЗоЁЯЗ│"
634,jai Shree ram
635,рдЬрдп рд╢реНрд░реА рд░рд╛рдо ЁЯЩП
636,Jai Shri Ram ЁЯЩП
637,Jay Shree Ram ЁЯЩПЁЯЩПЁЯЩПЁЯЩП
638,Jai Shri ram
639,Jai Shri ram
640,Jay Shri Ram ЁЯЩПЁЯЩП
641,рдЬрдп рд╢реНрд░реАрд░рд╛рдо
642,рдХреИрд╕реЗ рд╣реЛ рд░рд╛рдо рдЬреА
643,ЁЯЩПJai shree ram
644,ЁЯЩПЁЯЗоЁЯЗ│12.1.1958.ЁЯЗоЁЯЗ│29.4.1965.ЁЯЗоЁЯЗ│ЁЯЩП
645,Jay sri ram jai sanatan dharmЁЯЩПЁЯЩПЁЯХЙя╕ПЁЯХЙя╕ПЁЯМ╣ЁЯМ╣
646,"Hindu nav varsh ki dher shari shubhkamnaye sir ЁЯЩПЁЯП╗ЁЯЩПЁЯП╗ЁЯЩПЁЯП╗
Jai shree ram
Jai shree kalki
Kalki bhagwaan ki jai"
647,Jai Shri Ram
648,Jai Shri SitaRam Jai Shri Hanuman Jai Shri RadhrKrisna
649,"ЁЯЩПЁЯП╗Jai Shree RamЁЯЩПЁЯП╗
ЁЯЩПЁЯП╗Apko bhi navbarsh ki hardik shubhkamnayee ЁЯЩПЁЯП╗"
650,Bolo jai shree ram .....
651,"рдЖрдкрдХреЛ рднреА  рдирд╡рд╡рд░реНрд╖ рдХреА рд╣рд╛рд░реНрджрд┐рдХ рд╢реБрднрдХрд╛рдордирд╛рдПрдВред
ЁЯЩПрдЬрдп рд╢реНрд░реА рд░рд╛рдоредЁЯЩП"
652,Pranam
653,Jai Shri Ram ЁЯЩПЁЯЩП
654,First commrnt
655,ЁЯЩПЁЯЩПЁЯЩПЁЯЩП
656,Ram Ram ЁЯХЙЁЯЩП
657,Jai shree ram
658,Hindu nav barsha ki hardik subhkamnaye
659,"Aap sb ko...


NAV VARSH KI HARDIK SHUBH KAMNAYE....

ЁЯЩПЁЯЩПЁЯЩПЁЯЩПЁЯЩПЁЯЩПЁЯЩПЁЯЩПЁЯЩПЁЯЩПЁЯЩП"
660,"Jai Shri Ram,ЁЯЩП"
661,Jai shree ram ЁЯХЙя╕ПЁЯЪйЁЯЩП
662,Pranam ЁЯЩПЁЯЩП
